[24Aug2026 18:46:19.968] [main/INFO] [cpw.mods.modlauncher.Launcher/MODLAUNCHER]: ModLauncher running: args [--launchTarget, forgedatauserdev, --assetIndex, 5, --assetsDir, /home/keppel/.gradle/caches/forge_gradle/assets, --gameDir, ., --fml.forgeVersion, 47.4.23, --fml.mcVersion, 1.20.1, --fml.forgeGroup, net.minecraftforge, --fml.mcpVersion, 20230612.114412, --mod, scplockdown, --all, --output, /home/keppel/Desktop/SCP Lockdown/Code/SCPLockdown/src/generated/resources, --existing, /home/keppel/Desktop/SCP Lockdown/Code/SCPLockdown/src/main/resources, --mixin.config, mixins.scplockdown.json]
[24Aug2026 18:46:19.971] [main/INFO] [cpw.mods.modlauncher.Launcher/MODLAUNCHER]: ModLauncher 10.0.9+10.0.9+main.dcd20f30 starting: java version 17.0.19 by Arch Linux; OS Linux arch amd64 version 7.2.0-1-cachyos
[24Aug2026 18:46:19.985] [main/DEBUG] [cpw.mods.modlauncher.LaunchServiceHandler/MODLAUNCHER]: Found launch services [fmlclientdev,forgeclient,minecraft,forgegametestserverdev,fmlserveruserdev,fmlclient,fmldatauserdev,forgeserverdev,forgeserveruserdev,forgeclientdev,forgeclientuserdev,forgeserver,forgedatadev,fmlserver,fmlclientuserdev,fmlserverdev,forgedatauserdev,testharness,forgegametestserveruserdev]
[24Aug2026 18:46:19.996] [main/DEBUG] [cpw.mods.modlauncher.NameMappingServiceHandler/MODLAUNCHER]: Found naming services : [srgtomcp]
[24Aug2026 18:46:20.005] [main/DEBUG] [cpw.mods.modlauncher.LaunchPluginHandler/MODLAUNCHER]: Found launch plugins: [mixin,eventbus,slf4jfixer,object_holder_definalize,runtime_enum_extender,capability_token_subclass,accesstransformer,runtimedistcleaner]
[24Aug2026 18:46:20.012] [main/DEBUG] [cpw.mods.modlauncher.TransformationServicesHandler/MODLAUNCHER]: Discovering transformation services
[24Aug2026 18:46:20.015] [main/DEBUG] [net.minecraftforge.fml.loading.FMLPaths/CORE]: Path GAMEDIR is /home/keppel/Desktop/SCP Lockdown/Code/SCPLockdown/run-data
[24Aug2026 18:46:20.016] [main/DEBUG] [net.minecraftforge.fml.loading.FMLPaths/CORE]: Path MODSDIR is /home/keppel/Desktop/SCP Lockdown/Code/SCPLockdown/run-data/mods
[24Aug2026 18:46:20.016] [main/DEBUG] [net.minecraftforge.fml.loading.FMLPaths/CORE]: Path CONFIGDIR is /home/keppel/Desktop/SCP Lockdown/Code/SCPLockdown/run-data/config
[24Aug2026 18:46:20.016] [main/DEBUG] [net.minecraftforge.fml.loading.FMLPaths/CORE]: Path FMLCONFIG is /home/keppel/Desktop/SCP Lockdown/Code/SCPLockdown/run-data/config/fml.toml
[24Aug2026 18:46:20.030] [main/WARN] [net.minecraftforge.fml.loading.FMLConfig/CORE]: Configuration file /home/keppel/Desktop/SCP Lockdown/Code/SCPLockdown/run-data/config/fml.toml is not correct. Correcting
[24Aug2026 18:46:20.031] [main/INFO] [net.minecraftforge.fml.loading.FMLConfig/CORE]: Incorrect key [earlyWindowSkipGLVersions] was corrected from null to []
[24Aug2026 18:46:20.031] [main/INFO] [net.minecraftforge.fml.loading.FMLConfig/CORE]: Incorrect key [earlyWindowLogHelpMessage] was corrected from null to true
[24Aug2026 18:46:20.032] [main/INFO] [net.minecraftforge.fml.loading.FMLConfig/CORE]: Incorrect key [earlyWindowSquir] was corrected from null to false
[24Aug2026 18:46:20.032] [main/INFO] [net.minecraftforge.fml.loading.FMLConfig/CORE]: Incorrect key [earlyWindowShowCPU] was corrected from null to false
[24Aug2026 18:46:20.038] [main/DEBUG] [cpw.mods.modlauncher.TransformationServicesHandler/MODLAUNCHER]: Found additional transformation services from discovery services: 
[24Aug2026 18:46:20.041] [main/INFO] [net.minecraftforge.fml.loading.ImmediateWindowHandler/]: ImmediateWindowProvider not loading because launch target is forgedatauserdev
[24Aug2026 18:46:20.046] [main/DEBUG] [cpw.mods.modlauncher.TransformationServicesHandler/MODLAUNCHER]: Found transformer services : [mixin,fml]
[24Aug2026 18:46:20.046] [main/DEBUG] [cpw.mods.modlauncher.TransformationServicesHandler/MODLAUNCHER]: Transformation services loading
[24Aug2026 18:46:20.046] [main/DEBUG] [cpw.mods.modlauncher.TransformationServiceDecorator/MODLAUNCHER]: Loading service mixin
[24Aug2026 18:46:20.047] [main/DEBUG] [cpw.mods.modlauncher.TransformationServiceDecorator/MODLAUNCHER]: Loaded service mixin
[24Aug2026 18:46:20.047] [main/DEBUG] [cpw.mods.modlauncher.TransformationServiceDecorator/MODLAUNCHER]: Loading service fml
[24Aug2026 18:46:20.047] [main/DEBUG] [net.minecraftforge.fml.loading.LauncherVersion/CORE]: Found FMLLauncher version 1.0
[24Aug2026 18:46:20.048] [main/DEBUG] [net.minecraftforge.fml.loading.FMLLoader/CORE]: FML 1.0 loading
[24Aug2026 18:46:20.048] [main/DEBUG] [net.minecraftforge.fml.loading.FMLLoader/CORE]: FML found ModLauncher version : 10.0.9+10.0.9+main.dcd20f30
[24Aug2026 18:46:20.048] [main/DEBUG] [net.minecraftforge.fml.loading.FMLLoader/CORE]: Requesting CoreMods to not apply the fix for ASMAPI.findFirstInstructionBefore by default
[24Aug2026 18:46:20.048] [main/DEBUG] [net.minecraftforge.fml.loading.FMLLoader/CORE]: FML found AccessTransformer version : 8.0.4+66+master.c09db6d7
[24Aug2026 18:46:20.048] [main/DEBUG] [net.minecraftforge.fml.loading.FMLLoader/CORE]: FML found EventBus version : 6.2.33
[24Aug2026 18:46:20.049] [main/DEBUG] [net.minecraftforge.fml.loading.FMLLoader/CORE]: Found Runtime Dist Cleaner
[24Aug2026 18:46:20.050] [main/DEBUG] [net.minecraftforge.coremod.CoreModEngine/]: CoreMods will preserve legacy behavior of ASMAPI.findFirstInstructionBefore for backwards-compatibility
[24Aug2026 18:46:20.050] [main/DEBUG] [net.minecraftforge.fml.loading.FMLLoader/CORE]: FML found CoreMod version : 5.2.4
[24Aug2026 18:46:20.050] [main/DEBUG] [net.minecraftforge.fml.loading.FMLLoader/CORE]: Found ForgeSPI package implementation version 7.0.1+7.0.1+master.d2b38bf6
[24Aug2026 18:46:20.050] [main/DEBUG] [net.minecraftforge.fml.loading.FMLLoader/CORE]: Found ForgeSPI package specification 5
[24Aug2026 18:46:20.050] [main/DEBUG] [cpw.mods.modlauncher.TransformationServiceDecorator/MODLAUNCHER]: Loaded service fml
[24Aug2026 18:46:20.051] [main/DEBUG] [cpw.mods.modlauncher.TransformationServicesHandler/MODLAUNCHER]: Configuring option handling for services
[24Aug2026 18:46:20.054] [main/DEBUG] [cpw.mods.modlauncher.TransformationServicesHandler/MODLAUNCHER]: Transformation services initializing
[24Aug2026 18:46:20.054] [main/DEBUG] [cpw.mods.modlauncher.TransformationServiceDecorator/MODLAUNCHER]: Initializing transformation service mixin
[24Aug2026 18:46:20.061] [main/DEBUG] [mixin/]: MixinService [ModLauncher] was successfully booted in cpw.mods.cl.ModuleClassLoader@3745e5c6
[24Aug2026 18:46:20.068] [main/INFO] [mixin/]: SpongePowered MIXIN Subsystem Version=0.8.5 Source=union:/home/keppel/.gradle/caches/modules-2/files-2.1/org.spongepowered/mixin/0.8.5/9d1c0c3a304ae6697ecd477218fa61b850bf57fc/mixin-0.8.5.jar%23116!/ Service=ModLauncher Env=CLIENT
[24Aug2026 18:46:20.070] [main/DEBUG] [mixin/]: Initialising Mixin Platform Manager
[24Aug2026 18:46:20.071] [main/DEBUG] [mixin/]: Adding mixin platform agents for container ModLauncher Root Container(ModLauncher:4f56a0a2)
[24Aug2026 18:46:20.071] [main/DEBUG] [mixin/]: Instancing new MixinPlatformAgentMinecraftForge for ModLauncher Root Container(ModLauncher:4f56a0a2)
[24Aug2026 18:46:20.071] [main/DEBUG] [mixin/]: MixinPlatformAgentMinecraftForge rejected container ModLauncher Root Container(ModLauncher:4f56a0a2)
[24Aug2026 18:46:20.071] [main/DEBUG] [mixin/]: Instancing new MixinPlatformAgentDefault for ModLauncher Root Container(ModLauncher:4f56a0a2)
[24Aug2026 18:46:20.072] [main/DEBUG] [mixin/]: MixinPlatformAgentDefault accepted container ModLauncher Root Container(ModLauncher:4f56a0a2)
[24Aug2026 18:46:20.073] [main/DEBUG] [cpw.mods.modlauncher.TransformationServiceDecorator/MODLAUNCHER]: Initialized transformation service mixin
[24Aug2026 18:46:20.073] [main/DEBUG] [cpw.mods.modlauncher.TransformationServiceDecorator/MODLAUNCHER]: Initializing transformation service fml
[24Aug2026 18:46:20.073] [main/DEBUG] [net.minecraftforge.fml.loading.FMLServiceProvider/CORE]: Setting up basic FML game directories
[24Aug2026 18:46:20.073] [main/DEBUG] [net.minecraftforge.fml.loading.FMLPaths/CORE]: Path GAMEDIR is /home/keppel/Desktop/SCP Lockdown/Code/SCPLockdown/run-data
[24Aug2026 18:46:20.073] [main/DEBUG] [net.minecraftforge.fml.loading.FMLPaths/CORE]: Path MODSDIR is /home/keppel/Desktop/SCP Lockdown/Code/SCPLockdown/run-data/mods
[24Aug2026 18:46:20.074] [main/DEBUG] [net.minecraftforge.fml.loading.FMLPaths/CORE]: Path CONFIGDIR is /home/keppel/Desktop/SCP Lockdown/Code/SCPLockdown/run-data/config
[24Aug2026 18:46:20.074] [main/DEBUG] [net.minecraftforge.fml.loading.FMLPaths/CORE]: Path FMLCONFIG is /home/keppel/Desktop/SCP Lockdown/Code/SCPLockdown/run-data/config/fml.toml
[24Aug2026 18:46:20.074] [main/DEBUG] [net.minecraftforge.fml.loading.FMLServiceProvider/CORE]: Loading configuration
[24Aug2026 18:46:20.075] [main/DEBUG] [net.minecraftforge.fml.loading.FMLServiceProvider/CORE]: Preparing ModFile
[24Aug2026 18:46:20.076] [main/DEBUG] [net.minecraftforge.fml.loading.FMLServiceProvider/CORE]: Preparing launch handler
[24Aug2026 18:46:20.077] [main/DEBUG] [net.minecraftforge.fml.loading.FMLLoader/CORE]: Using forgedatauserdev as launch service
[24Aug2026 18:46:20.083] [main/DEBUG] [net.minecraftforge.fml.loading.FMLLoader/CORE]: Received command line version data  : VersionInfo[forgeVersion=47.4.23, mcVersion=1.20.1, mcpVersion=20230612.114412, forgeGroup=net.minecraftforge]
[24Aug2026 18:46:20.084] [main/DEBUG] [cpw.mods.modlauncher.TransformationServiceDecorator/MODLAUNCHER]: Initialized transformation service fml
[24Aug2026 18:46:20.084] [main/DEBUG] [cpw.mods.modlauncher.NameMappingServiceHandler/MODLAUNCHER]: Current naming domain is 'mcp'
[24Aug2026 18:46:20.085] [main/DEBUG] [cpw.mods.modlauncher.NameMappingServiceHandler/MODLAUNCHER]: Identified name mapping providers {srg=srgtomcp:1234}
[24Aug2026 18:46:20.085] [main/DEBUG] [cpw.mods.modlauncher.TransformationServicesHandler/MODLAUNCHER]: Transformation services begin scanning
[24Aug2026 18:46:20.085] [main/DEBUG] [cpw.mods.modlauncher.TransformationServiceDecorator/MODLAUNCHER]: Beginning scan trigger - transformation service mixin
[24Aug2026 18:46:20.086] [main/DEBUG] [cpw.mods.modlauncher.TransformationServiceDecorator/MODLAUNCHER]: End scan trigger - transformation service mixin
[24Aug2026 18:46:20.086] [main/DEBUG] [cpw.mods.modlauncher.TransformationServiceDecorator/MODLAUNCHER]: Beginning scan trigger - transformation service fml
[24Aug2026 18:46:20.086] [main/DEBUG] [net.minecraftforge.fml.loading.FMLServiceProvider/CORE]: Initiating mod scan
[24Aug2026 18:46:20.091] [main/DEBUG] [net.minecraftforge.fml.loading.moddiscovery.ModListHandler/CORE]: Found mod coordinates from lists: []
[24Aug2026 18:46:20.093] [main/DEBUG] [net.minecraftforge.fml.loading.moddiscovery.ModDiscoverer/CORE]: Found Mod Locators : (mods folder:null),(maven libs:null),(exploded directory:null),(minecraft:null),(userdev classpath:null)
[24Aug2026 18:46:20.093] [main/DEBUG] [net.minecraftforge.fml.loading.moddiscovery.ModDiscoverer/CORE]: Found Dependency Locators : (JarInJar:null)
[24Aug2026 18:46:20.096] [main/DEBUG] [net.minecraftforge.fml.loading.targets.CommonLaunchHandler/CORE]: Got mod coordinates scplockdown%%/home/keppel/Desktop/SCP Lockdown/Code/SCPLockdown/build/resources/main:scplockdown%%/home/keppel/Desktop/SCP Lockdown/Code/SCPLockdown/build/classes/java/main from env
[24Aug2026 18:46:20.097] [main/DEBUG] [net.minecraftforge.fml.loading.targets.CommonLaunchHandler/CORE]: Found supplied mod coordinates [{scplockdown=[/home/keppel/Desktop/SCP Lockdown/Code/SCPLockdown/build/resources/main, /home/keppel/Desktop/SCP Lockdown/Code/SCPLockdown/build/classes/java/main]}]
[24Aug2026 18:46:20.228] [main/DEBUG] [net.minecraftforge.fml.loading.moddiscovery.ModFileInfo/LOADING]: Found valid mod file forge-1.20.1-47.4.23_mapped_parchment_2023.09.03-1.20.1-recomp.jar with {minecraft} mods - versions {1.20.1}
[24Aug2026 18:46:20.229] [main/DEBUG] [net.minecraftforge.fml.loading.moddiscovery.ModFileParser/LOADING]: Considering mod file candidate /home/keppel/.gradle/caches/modules-2/files-2.1/net.minecraftforge/javafmllanguage/1.20.1-47.4.23/103ee0ecf6e5e4a971ee1ae68384e96fd73b097f/javafmllanguage-1.20.1-47.4.23.jar
[24Aug2026 18:46:20.229] [main/WARN] [net.minecraftforge.fml.loading.moddiscovery.ModFileParser/LOADING]: Mod file /home/keppel/.gradle/caches/modules-2/files-2.1/net.minecraftforge/javafmllanguage/1.20.1-47.4.23/103ee0ecf6e5e4a971ee1ae68384e96fd73b097f/javafmllanguage-1.20.1-47.4.23.jar is missing mods.toml file
[24Aug2026 18:46:20.230] [main/DEBUG] [net.minecraftforge.fml.loading.moddiscovery.ModFileParser/LOADING]: Considering mod file candidate /home/keppel/.gradle/caches/modules-2/files-2.1/net.minecraftforge/lowcodelanguage/1.20.1-47.4.23/2531b2da1460bc09c8ec3bf946e641de664b460d/lowcodelanguage-1.20.1-47.4.23.jar
[24Aug2026 18:46:20.230] [main/WARN] [net.minecraftforge.fml.loading.moddiscovery.ModFileParser/LOADING]: Mod file /home/keppel/.gradle/caches/modules-2/files-2.1/net.minecraftforge/lowcodelanguage/1.20.1-47.4.23/2531b2da1460bc09c8ec3bf946e641de664b460d/lowcodelanguage-1.20.1-47.4.23.jar is missing mods.toml file
[24Aug2026 18:46:20.230] [main/DEBUG] [net.minecraftforge.fml.loading.moddiscovery.ModFileParser/LOADING]: Considering mod file candidate /home/keppel/.gradle/caches/modules-2/files-2.1/net.minecraftforge/mclanguage/1.20.1-47.4.23/eebf4eae01f6fde63717bb38b77f9b6b1b50f8/mclanguage-1.20.1-47.4.23.jar
[24Aug2026 18:46:20.230] [main/WARN] [net.minecraftforge.fml.loading.moddiscovery.ModFileParser/LOADING]: Mod file /home/keppel/.gradle/caches/modules-2/files-2.1/net.minecraftforge/mclanguage/1.20.1-47.4.23/eebf4eae01f6fde63717bb38b77f9b6b1b50f8/mclanguage-1.20.1-47.4.23.jar is missing mods.toml file
[24Aug2026 18:46:20.231] [main/DEBUG] [net.minecraftforge.fml.loading.moddiscovery.ModFileParser/LOADING]: Considering mod file candidate /home/keppel/.gradle/caches/modules-2/files-2.1/net.minecraftforge/fmlcore/1.20.1-47.4.23/ef56cfb608a4356c3f99dd6a4fa81ce33029bcde/fmlcore-1.20.1-47.4.23.jar
[24Aug2026 18:46:20.231] [main/WARN] [net.minecraftforge.fml.loading.moddiscovery.ModFileParser/LOADING]: Mod file /home/keppel/.gradle/caches/modules-2/files-2.1/net.minecraftforge/fmlcore/1.20.1-47.4.23/ef56cfb608a4356c3f99dd6a4fa81ce33029bcde/fmlcore-1.20.1-47.4.23.jar is missing mods.toml file
[24Aug2026 18:46:20.233] [main/DEBUG] [net.minecraftforge.fml.loading.moddiscovery.ModFileParser/LOADING]: Considering mod file candidate /home/keppel/Desktop/SCP Lockdown/Code/SCPLockdown/build/resources/main
[24Aug2026 18:46:20.238] [main/DEBUG] [net.minecraftforge.fml.loading.moddiscovery.ModFileInfo/LOADING]: Found valid mod file main with {scplockdown} mods - versions {1.20.1-3.0.0-alpha.26w06a}
[24Aug2026 18:46:20.239] [main/DEBUG] [net.minecraftforge.fml.loading.moddiscovery.ModFileParser/LOADING]: Considering mod file candidate /
[24Aug2026 18:46:20.239] [main/DEBUG] [net.minecraftforge.fml.loading.moddiscovery.ModFileInfo/LOADING]: Found valid mod file  with {forge} mods - versions {47.4.23}
[24Aug2026 18:46:20.252] [main/DEBUG] [net.minecraftforge.fml.loading.moddiscovery.AbstractJarFileDependencyLocator/]: Failed to load resource META-INF/jarjar/metadata.json from forge-1.20.1-47.4.23_mapped_parchment_2023.09.03-1.20.1-recomp.jar, it does not contain dependency information.
[24Aug2026 18:46:20.252] [main/DEBUG] [net.minecraftforge.fml.loading.moddiscovery.AbstractJarFileDependencyLocator/]: Failed to load resource META-INF/jarjar/metadata.json from main, it does not contain dependency information.
[24Aug2026 18:46:20.252] [main/DEBUG] [net.minecraftforge.fml.loading.moddiscovery.AbstractJarFileDependencyLocator/]: Failed to load resource META-INF/jarjar/metadata.json from , it does not contain dependency information.
[24Aug2026 18:46:20.252] [main/DEBUG] [net.minecraftforge.fml.loading.moddiscovery.AbstractJarFileDependencyLocator/]: Failed to load resource META-INF/jarjar/metadata.json from mclanguage-1.20.1-47.4.23.jar, it does not contain dependency information.
[24Aug2026 18:46:20.252] [main/DEBUG] [net.minecraftforge.fml.loading.moddiscovery.AbstractJarFileDependencyLocator/]: Failed to load resource META-INF/jarjar/metadata.json from javafmllanguage-1.20.1-47.4.23.jar, it does not contain dependency information.
[24Aug2026 18:46:20.253] [main/DEBUG] [net.minecraftforge.fml.loading.moddiscovery.AbstractJarFileDependencyLocator/]: Failed to load resource META-INF/jarjar/metadata.json from fmlcore-1.20.1-47.4.23.jar, it does not contain dependency information.
[24Aug2026 18:46:20.253] [main/DEBUG] [net.minecraftforge.fml.loading.moddiscovery.AbstractJarFileDependencyLocator/]: Failed to load resource META-INF/jarjar/metadata.json from lowcodelanguage-1.20.1-47.4.23.jar, it does not contain dependency information.
[24Aug2026 18:46:20.288] [main/DEBUG] [net.minecraftforge.fml.loading.moddiscovery.AbstractJarFileDependencyLocator/]: Failed to load resource META-INF/jarjar/metadata.json from MixinExtras-0.5.0.jar, it does not contain dependency information.
[24Aug2026 18:46:20.306] [main/INFO] [net.minecraftforge.fml.loading.moddiscovery.JarInJarDependencyLocator/]: Found 1 dependencies adding them to mods collection
[24Aug2026 18:46:20.308] [main/DEBUG] [net.minecraftforge.fml.loading.moddiscovery.ModFileInfo/LOADING]: Found valid mod file forge-1.20.1-47.4.23_mapped_parchment_2023.09.03-1.20.1-recomp.jar with {minecraft} mods - versions {1.20.1}
[24Aug2026 18:46:20.309] [main/DEBUG] [net.minecraftforge.fml.loading.moddiscovery.ModFile/LOADING]: Loading mod file /home/keppel/Desktop/SCP Lockdown/Code/SCPLockdown/build/fg_cache/net/minecraftforge/forge/1.20.1-47.4.23_mapped_parchment_2023.09.03-1.20.1/forge-1.20.1-47.4.23_mapped_parchment_2023.09.03-1.20.1-recomp.jar with languages [LanguageSpec[languageName=minecraft, acceptedVersions=1]]
[24Aug2026 18:46:20.310] [main/DEBUG] [net.minecraftforge.fml.loading.moddiscovery.ModFileParser/LOADING]: Considering mod file candidate /home/keppel/Desktop/SCP Lockdown/Code/SCPLockdown/build/resources/main
[24Aug2026 18:46:20.311] [main/DEBUG] [net.minecraftforge.fml.loading.moddiscovery.ModFileInfo/LOADING]: Found valid mod file main with {scplockdown} mods - versions {1.20.1-3.0.0-alpha.26w06a}
[24Aug2026 18:46:20.311] [main/DEBUG] [net.minecraftforge.fml.loading.moddiscovery.ModFile/LOADING]: Loading mod file /home/keppel/Desktop/SCP Lockdown/Code/SCPLockdown/build/resources/main with languages [LanguageSpec[languageName=javafml, acceptedVersions=[47,)]]
[24Aug2026 18:46:20.311] [main/DEBUG] [net.minecraftforge.fml.loading.moddiscovery.ModFileParser/LOADING]: Considering mod file candidate /
[24Aug2026 18:46:20.312] [main/DEBUG] [net.minecraftforge.fml.loading.moddiscovery.ModFileInfo/LOADING]: Found valid mod file  with {forge} mods - versions {47.4.23}
[24Aug2026 18:46:20.312] [main/DEBUG] [net.minecraftforge.fml.loading.moddiscovery.ModFile/LOADING]: Loading mod file / with languages [LanguageSpec[languageName=javafml, acceptedVersions=[24,]]]
[24Aug2026 18:46:20.314] [main/DEBUG] [net.minecraftforge.fml.loading.moddiscovery.ModFileParser/LOADING]: Found coremod field_to_method with Javascript path coremods/field_to_method.js
[24Aug2026 18:46:20.314] [main/DEBUG] [net.minecraftforge.fml.loading.moddiscovery.ModFileParser/LOADING]: Found coremod field_to_instanceof with Javascript path coremods/field_to_instanceof.js
[24Aug2026 18:46:20.314] [main/DEBUG] [net.minecraftforge.fml.loading.moddiscovery.ModFileParser/LOADING]: Found coremod add_bouncer_method with Javascript path coremods/add_bouncer_method.js
[24Aug2026 18:46:20.314] [main/DEBUG] [net.minecraftforge.fml.loading.moddiscovery.ModFileParser/LOADING]: Found coremod method_redirector with Javascript path coremods/method_redirector.js
[24Aug2026 18:46:20.314] [main/DEBUG] [net.minecraftforge.fml.loading.moddiscovery.ModFile/LOADING]: Found coremod coremods/field_to_method.js
[24Aug2026 18:46:20.314] [main/DEBUG] [net.minecraftforge.fml.loading.moddiscovery.ModFile/LOADING]: Found coremod coremods/field_to_instanceof.js
[24Aug2026 18:46:20.314] [main/DEBUG] [net.minecraftforge.fml.loading.moddiscovery.ModFile/LOADING]: Found coremod coremods/add_bouncer_method.js
[24Aug2026 18:46:20.314] [main/DEBUG] [net.minecraftforge.fml.loading.moddiscovery.ModFile/LOADING]: Found coremod coremods/method_redirector.js
[24Aug2026 18:46:20.314] [main/DEBUG] [net.minecraftforge.fml.loading.moddiscovery.ModFile/LOADING]: Loading mod file  with languages []
[24Aug2026 18:46:20.315] [main/DEBUG] [net.minecraftforge.fml.loading.moddiscovery.ModFile/LOADING]: Loading mod file /home/keppel/.gradle/caches/modules-2/files-2.1/io.github.llamalad7/mixinextras-forge/0.5.0/cebe4d98a42a4a32ebf0ddec7b93d5bdbdad009/mixinextras-forge-0.5.0.jar with languages []
[24Aug2026 18:46:20.315] [main/DEBUG] [net.minecraftforge.fml.loading.moddiscovery.ModFile/LOADING]: Loading mod file  with languages []
[24Aug2026 18:46:20.315] [main/DEBUG] [net.minecraftforge.fml.loading.moddiscovery.ModFile/LOADING]: Loading mod file /home/keppel/.gradle/caches/modules-2/files-2.1/io.github.llamalad7/mixinextras-forge/0.5.0/cebe4d98a42a4a32ebf0ddec7b93d5bdbdad009/mixinextras-forge-0.5.0.jar with languages []
[24Aug2026 18:46:20.315] [main/DEBUG] [cpw.mods.modlauncher.TransformationServiceDecorator/MODLAUNCHER]: End scan trigger - transformation service fml
[24Aug2026 18:46:20.323] [main/DEBUG] [net.minecraftforge.fml.loading.LanguageLoadingProvider/CORE]: Found 3 language providers
[24Aug2026 18:46:20.324] [main/DEBUG] [net.minecraftforge.fml.loading.LanguageLoadingProvider/CORE]: Found language provider minecraft, version 1.0
[24Aug2026 18:46:20.324] [main/DEBUG] [net.minecraftforge.fml.loading.LanguageLoadingProvider/CORE]: Found language provider lowcodefml, version 47
[24Aug2026 18:46:20.324] [main/DEBUG] [net.minecraftforge.fml.loading.LanguageLoadingProvider/CORE]: Found language provider javafml, version 47
[24Aug2026 18:46:20.326] [main/DEBUG] [net.minecraftforge.fml.loading.UniqueModListBuilder/]: Found 2 mods for first modid MixinExtras, selecting most recent based on version data
[24Aug2026 18:46:20.327] [main/DEBUG] [net.minecraftforge.fml.loading.UniqueModListBuilder/]: Selected file MixinExtras-0.5.0.jar for modid MixinExtras with version 0.5.0
[24Aug2026 18:46:20.327] [main/DEBUG] [net.minecraftforge.fml.loading.UniqueModListBuilder/]: Found 2 mods for first modid mixinextras, selecting most recent based on version data
[24Aug2026 18:46:20.327] [main/DEBUG] [net.minecraftforge.fml.loading.UniqueModListBuilder/]: Selected file mixinextras-forge-0.5.0.jar for modid mixinextras with version 0.5.0
[24Aug2026 18:46:20.328] [main/DEBUG] [net.minecraftforge.fml.loading.ModSorter/]: Configured system mods: [minecraft, forge]
[24Aug2026 18:46:20.328] [main/DEBUG] [net.minecraftforge.fml.loading.ModSorter/]: Found system mod: minecraft
[24Aug2026 18:46:20.328] [main/DEBUG] [net.minecraftforge.fml.loading.ModSorter/]: Found system mod: forge
[24Aug2026 18:46:20.330] [main/DEBUG] [net.minecraftforge.fml.loading.ModSorter/LOADING]: Found 2 mod requirements (2 mandatory, 0 optional)
[24Aug2026 18:46:20.330] [main/DEBUG] [net.minecraftforge.fml.loading.ModSorter/LOADING]: Found 0 mod requirements missing (0 mandatory, 0 optional)
[24Aug2026 18:46:20.590] [main/DEBUG] [net.minecraftforge.fml.loading.MCPNamingService/CORE]: Loaded 34318 method mappings from methods.csv
[24Aug2026 18:46:20.623] [main/DEBUG] [net.minecraftforge.fml.loading.MCPNamingService/CORE]: Loaded 31014 field mappings from fields.csv
[24Aug2026 18:46:20.657] [main/DEBUG] [cpw.mods.modlauncher.TransformationServicesHandler/MODLAUNCHER]: Transformation services loading transformers
[24Aug2026 18:46:20.657] [main/DEBUG] [cpw.mods.modlauncher.TransformationServiceDecorator/MODLAUNCHER]: Initializing transformers for transformation service mixin
[24Aug2026 18:46:20.657] [main/DEBUG] [cpw.mods.modlauncher.TransformationServiceDecorator/MODLAUNCHER]: Initialized transformers for transformation service mixin
[24Aug2026 18:46:20.658] [main/DEBUG] [cpw.mods.modlauncher.TransformationServiceDecorator/MODLAUNCHER]: Initializing transformers for transformation service fml
[24Aug2026 18:46:20.658] [main/DEBUG] [net.minecraftforge.fml.loading.FMLServiceProvider/CORE]: Loading coremod transformers
[24Aug2026 18:46:20.658] [main/DEBUG] [net.minecraftforge.coremod.CoreModEngine/COREMOD]: Loading CoreMod from coremods/field_to_method.js
[24Aug2026 18:46:20.777] [main/DEBUG] [net.minecraftforge.coremod.CoreModEngine/COREMOD]: CoreMod loaded successfully
[24Aug2026 18:46:20.777] [main/DEBUG] [net.minecraftforge.coremod.CoreModEngine/COREMOD]: Loading CoreMod from coremods/field_to_instanceof.js
[24Aug2026 18:46:20.828] [main/DEBUG] [net.minecraftforge.coremod.CoreModEngine/COREMOD]: CoreMod loaded successfully
[24Aug2026 18:46:20.828] [main/DEBUG] [net.minecraftforge.coremod.CoreModEngine/COREMOD]: Loading CoreMod from coremods/add_bouncer_method.js
[24Aug2026 18:46:20.851] [main/DEBUG] [net.minecraftforge.coremod.CoreModEngine/COREMOD]: CoreMod loaded successfully
[24Aug2026 18:46:20.851] [main/DEBUG] [net.minecraftforge.coremod.CoreModEngine/COREMOD]: Loading CoreMod from coremods/method_redirector.js
[24Aug2026 18:46:20.892] [main/DEBUG] [net.minecraftforge.coremod.CoreModEngine/COREMOD]: CoreMod loaded successfully
[24Aug2026 18:46:20.900] [main/DEBUG] [cpw.mods.modlauncher.TransformStore/MODLAUNCHER]: Adding transformer net.minecraftforge.coremod.transformer.CoreModClassTransformer@54d1608f to Target : CLASS {Lnet/minecraft/world/level/biome/Biome;} {} {V}
[24Aug2026 18:46:20.901] [main/DEBUG] [cpw.mods.modlauncher.TransformStore/MODLAUNCHER]: Adding transformer net.minecraftforge.coremod.transformer.CoreModClassTransformer@554c4eaa to Target : CLASS {Lnet/minecraft/world/level/levelgen/structure/Structure;} {} {V}
[24Aug2026 18:46:20.901] [main/DEBUG] [cpw.mods.modlauncher.TransformStore/MODLAUNCHER]: Adding transformer net.minecraftforge.coremod.transformer.CoreModClassTransformer@29fd8e67 to Target : CLASS {Lnet/minecraft/world/effect/MobEffectInstance;} {} {V}
[24Aug2026 18:46:20.901] [main/DEBUG] [cpw.mods.modlauncher.TransformStore/MODLAUNCHER]: Adding transformer net.minecraftforge.coremod.transformer.CoreModClassTransformer@e146f93 to Target : CLASS {Lnet/minecraft/world/level/block/LiquidBlock;} {} {V}
[24Aug2026 18:46:20.901] [main/DEBUG] [cpw.mods.modlauncher.TransformStore/MODLAUNCHER]: Adding transformer net.minecraftforge.coremod.transformer.CoreModClassTransformer@4bd5849e to Target : CLASS {Lnet/minecraft/world/item/BucketItem;} {} {V}
[24Aug2026 18:46:20.901] [main/DEBUG] [cpw.mods.modlauncher.TransformStore/MODLAUNCHER]: Adding transformer net.minecraftforge.coremod.transformer.CoreModClassTransformer@7cdbaa50 to Target : CLASS {Lnet/minecraft/world/level/block/StairBlock;} {} {V}
[24Aug2026 18:46:20.901] [main/DEBUG] [cpw.mods.modlauncher.TransformStore/MODLAUNCHER]: Adding transformer net.minecraftforge.coremod.transformer.CoreModClassTransformer@39909d1a to Target : CLASS {Lnet/minecraft/world/level/block/FlowerPotBlock;} {} {V}
[24Aug2026 18:46:20.902] [main/DEBUG] [cpw.mods.modlauncher.TransformStore/MODLAUNCHER]: Adding transformer net.minecraftforge.coremod.transformer.CoreModClassTransformer@1455154c to Target : CLASS {Lnet/minecraft/world/item/ItemStack;} {} {V}
[24Aug2026 18:46:20.902] [main/DEBUG] [cpw.mods.modlauncher.TransformStore/MODLAUNCHER]: Adding transformer net.minecraftforge.coremod.transformer.CoreModClassTransformer@7343922c to Target : CLASS {Lnet/minecraft/network/play/client/CClientSettingsPacket;} {} {V}
[24Aug2026 18:46:20.902] [main/DEBUG] [cpw.mods.modlauncher.TransformStore/MODLAUNCHER]: Adding transformer net.minecraftforge.coremod.transformer.CoreModClassTransformer@526b2f3e to Target : CLASS {Lnet/minecraft/world/level/levelgen/structure/templatesystem/StructureTemplate;} {} {V}
[24Aug2026 18:46:20.902] [main/DEBUG] [cpw.mods.modlauncher.TransformStore/MODLAUNCHER]: Adding transformer net.minecraftforge.coremod.transformer.CoreModClassTransformer@526b2f3e to Target : CLASS {Lnet/minecraft/world/entity/ai/village/VillageSiege;} {} {V}
[24Aug2026 18:46:20.902] [main/DEBUG] [cpw.mods.modlauncher.TransformStore/MODLAUNCHER]: Adding transformer net.minecraftforge.coremod.transformer.CoreModClassTransformer@526b2f3e to Target : CLASS {Lnet/minecraft/world/level/levelgen/structure/structures/OceanMonumentPieces$OceanMonumentPiece;} {} {V}
[24Aug2026 18:46:20.902] [main/DEBUG] [cpw.mods.modlauncher.TransformStore/MODLAUNCHER]: Adding transformer net.minecraftforge.coremod.transformer.CoreModClassTransformer@526b2f3e to Target : CLASS {Lnet/minecraft/world/entity/npc/CatSpawner;} {} {V}
[24Aug2026 18:46:20.902] [main/DEBUG] [cpw.mods.modlauncher.TransformStore/MODLAUNCHER]: Adding transformer net.minecraftforge.coremod.transformer.CoreModClassTransformer@526b2f3e to Target : CLASS {Lnet/minecraft/world/level/NaturalSpawner;} {} {V}
[24Aug2026 18:46:20.902] [main/DEBUG] [cpw.mods.modlauncher.TransformStore/MODLAUNCHER]: Adding transformer net.minecraftforge.coremod.transformer.CoreModClassTransformer@526b2f3e to Target : CLASS {Lnet/minecraft/world/entity/npc/Villager;} {} {V}
[24Aug2026 18:46:20.902] [main/DEBUG] [cpw.mods.modlauncher.TransformStore/MODLAUNCHER]: Adding transformer net.minecraftforge.coremod.transformer.CoreModClassTransformer@526b2f3e to Target : CLASS {Lnet/minecraft/world/level/levelgen/PhantomSpawner;} {} {V}
[24Aug2026 18:46:20.903] [main/DEBUG] [cpw.mods.modlauncher.TransformStore/MODLAUNCHER]: Adding transformer net.minecraftforge.coremod.transformer.CoreModClassTransformer@526b2f3e to Target : CLASS {Lnet/minecraft/world/entity/animal/frog/Tadpole;} {} {V}
[24Aug2026 18:46:20.903] [main/DEBUG] [cpw.mods.modlauncher.TransformStore/MODLAUNCHER]: Adding transformer net.minecraftforge.coremod.transformer.CoreModClassTransformer@526b2f3e to Target : CLASS {Lnet/minecraft/world/entity/EntityType;} {} {V}
[24Aug2026 18:46:20.903] [main/DEBUG] [cpw.mods.modlauncher.TransformStore/MODLAUNCHER]: Adding transformer net.minecraftforge.coremod.transformer.CoreModClassTransformer@526b2f3e to Target : CLASS {Lnet/minecraft/world/entity/monster/Evoker$EvokerSummonSpellGoal;} {} {V}
[24Aug2026 18:46:20.903] [main/DEBUG] [cpw.mods.modlauncher.TransformStore/MODLAUNCHER]: Adding transformer net.minecraftforge.coremod.transformer.CoreModClassTransformer@526b2f3e to Target : CLASS {Lnet/minecraft/server/commands/SummonCommand;} {} {V}
[24Aug2026 18:46:20.903] [main/DEBUG] [cpw.mods.modlauncher.TransformStore/MODLAUNCHER]: Adding transformer net.minecraftforge.coremod.transformer.CoreModClassTransformer@526b2f3e to Target : CLASS {Lnet/minecraft/world/entity/monster/Strider;} {} {V}
[24Aug2026 18:46:20.903] [main/DEBUG] [cpw.mods.modlauncher.TransformStore/MODLAUNCHER]: Adding transformer net.minecraftforge.coremod.transformer.CoreModClassTransformer@526b2f3e to Target : CLASS {Lnet/minecraft/world/entity/monster/Spider;} {} {V}
[24Aug2026 18:46:20.903] [main/DEBUG] [cpw.mods.modlauncher.TransformStore/MODLAUNCHER]: Adding transformer net.minecraftforge.coremod.transformer.CoreModClassTransformer@526b2f3e to Target : CLASS {Lnet/minecraft/world/level/levelgen/PatrolSpawner;} {} {V}
[24Aug2026 18:46:20.903] [main/DEBUG] [cpw.mods.modlauncher.TransformStore/MODLAUNCHER]: Adding transformer net.minecraftforge.coremod.transformer.CoreModClassTransformer@526b2f3e to Target : CLASS {Lnet/minecraft/world/entity/monster/Zombie;} {} {V}
[24Aug2026 18:46:20.903] [main/DEBUG] [cpw.mods.modlauncher.TransformStore/MODLAUNCHER]: Adding transformer net.minecraftforge.coremod.transformer.CoreModClassTransformer@526b2f3e to Target : CLASS {Lnet/minecraft/server/commands/RaidCommand;} {} {V}
[24Aug2026 18:46:20.903] [main/DEBUG] [cpw.mods.modlauncher.TransformStore/MODLAUNCHER]: Adding transformer net.minecraftforge.coremod.transformer.CoreModClassTransformer@526b2f3e to Target : CLASS {Lnet/minecraft/world/entity/monster/ZombieVillager;} {} {V}
[24Aug2026 18:46:20.903] [main/DEBUG] [cpw.mods.modlauncher.TransformStore/MODLAUNCHER]: Adding transformer net.minecraftforge.coremod.transformer.CoreModClassTransformer@526b2f3e to Target : CLASS {Lnet/minecraft/world/entity/animal/horse/SkeletonTrapGoal;} {} {V}
[24Aug2026 18:46:20.903] [main/DEBUG] [cpw.mods.modlauncher.TransformStore/MODLAUNCHER]: Adding transformer net.minecraftforge.coremod.transformer.CoreModClassTransformer@526b2f3e to Target : CLASS {Lnet/minecraft/world/level/levelgen/structure/structures/WoodlandMansionPieces$WoodlandMansionPiece;} {} {V}
[24Aug2026 18:46:20.904] [main/DEBUG] [cpw.mods.modlauncher.TransformStore/MODLAUNCHER]: Adding transformer net.minecraftforge.coremod.transformer.CoreModClassTransformer@526b2f3e to Target : CLASS {Lnet/minecraft/world/level/levelgen/structure/structures/OceanRuinPieces$OceanRuinPiece;} {} {V}
[24Aug2026 18:46:20.904] [main/DEBUG] [cpw.mods.modlauncher.TransformStore/MODLAUNCHER]: Adding transformer net.minecraftforge.coremod.transformer.CoreModClassTransformer@526b2f3e to Target : CLASS {Lnet/minecraft/world/entity/raid/Raid;} {} {V}
[24Aug2026 18:46:20.904] [main/DEBUG] [cpw.mods.modlauncher.TransformStore/MODLAUNCHER]: Adding transformer net.minecraftforge.coremod.transformer.CoreModClassTransformer@526b2f3e to Target : CLASS {Lnet/minecraft/world/level/levelgen/structure/structures/SwampHutPiece;} {} {V}
[24Aug2026 18:46:20.904] [main/DEBUG] [cpw.mods.modlauncher.TransformationServiceDecorator/MODLAUNCHER]: Initialized transformers for transformation service fml
[24Aug2026 18:46:21.113] [main/DEBUG] [mixin/]: Processing prepare() for PlatformAgent[MixinPlatformAgentDefault:ModLauncher Root Container(ModLauncher:4f56a0a2)]
[24Aug2026 18:46:21.114] [main/DEBUG] [mixin/]: Registering mixin config: mixins.scplockdown.json
[24Aug2026 18:46:21.123] [main/DEBUG] [mixin/]: Compatibility level JAVA_17 specified by mixins.scplockdown.json is higher than the maximum level supported by this version of mixin (JAVA_13).
[24Aug2026 18:46:21.126] [main/INFO] [mixin/]: Compatibility level set to JAVA_17
[24Aug2026 18:46:21.126] [main/ERROR] [mixin/]: Mixin config mixins.scplockdown.json does not specify "minVersion" property
[24Aug2026 18:46:21.127] [main/DEBUG] [mixin/]: Processing launch tasks for PlatformAgent[MixinPlatformAgentDefault:ModLauncher Root Container(ModLauncher:4f56a0a2)]
[24Aug2026 18:46:21.127] [main/DEBUG] [mixin/]: Adding mixin platform agents for container SecureJarResource(minecraft)
[24Aug2026 18:46:21.127] [main/DEBUG] [mixin/]: Instancing new MixinPlatformAgentMinecraftForge for SecureJarResource(minecraft)
[24Aug2026 18:46:21.127] [main/DEBUG] [mixin/]: MixinPlatformAgentMinecraftForge rejected container SecureJarResource(minecraft)
[24Aug2026 18:46:21.127] [main/DEBUG] [mixin/]: Instancing new MixinPlatformAgentDefault for SecureJarResource(minecraft)
[24Aug2026 18:46:21.127] [main/DEBUG] [mixin/]: MixinPlatformAgentDefault accepted container SecureJarResource(minecraft)
[24Aug2026 18:46:21.127] [main/DEBUG] [mixin/]: Processing prepare() for PlatformAgent[MixinPlatformAgentDefault:SecureJarResource(minecraft)]
[24Aug2026 18:46:21.127] [main/DEBUG] [mixin/]: Adding mixin platform agents for container SecureJarResource(scplockdown)
[24Aug2026 18:46:21.127] [main/DEBUG] [mixin/]: Instancing new MixinPlatformAgentMinecraftForge for SecureJarResource(scplockdown)
[24Aug2026 18:46:21.127] [main/DEBUG] [mixin/]: MixinPlatformAgentMinecraftForge rejected container SecureJarResource(scplockdown)
[24Aug2026 18:46:21.127] [main/DEBUG] [mixin/]: Instancing new MixinPlatformAgentDefault for SecureJarResource(scplockdown)
[24Aug2026 18:46:21.128] [main/DEBUG] [mixin/]: MixinPlatformAgentDefault accepted container SecureJarResource(scplockdown)
[24Aug2026 18:46:21.128] [main/DEBUG] [mixin/]: Processing prepare() for PlatformAgent[MixinPlatformAgentDefault:SecureJarResource(scplockdown)]
[24Aug2026 18:46:21.128] [main/DEBUG] [mixin/]: Adding mixin platform agents for container SecureJarResource(forge)
[24Aug2026 18:46:21.128] [main/DEBUG] [mixin/]: Instancing new MixinPlatformAgentMinecraftForge for SecureJarResource(forge)
[24Aug2026 18:46:21.128] [main/DEBUG] [mixin/]: MixinPlatformAgentMinecraftForge rejected container SecureJarResource(forge)
[24Aug2026 18:46:21.128] [main/DEBUG] [mixin/]: Instancing new MixinPlatformAgentDefault for SecureJarResource(forge)
[24Aug2026 18:46:21.128] [main/DEBUG] [mixin/]: MixinPlatformAgentDefault accepted container SecureJarResource(forge)
[24Aug2026 18:46:21.128] [main/DEBUG] [mixin/]: Processing prepare() for PlatformAgent[MixinPlatformAgentDefault:SecureJarResource(forge)]
[24Aug2026 18:46:21.128] [main/DEBUG] [mixin/]: Adding mixin platform agents for container SecureJarResource(MixinExtras)
[24Aug2026 18:46:21.128] [main/DEBUG] [mixin/]: Instancing new MixinPlatformAgentMinecraftForge for SecureJarResource(MixinExtras)
[24Aug2026 18:46:21.128] [main/DEBUG] [mixin/]: MixinPlatformAgentMinecraftForge rejected container SecureJarResource(MixinExtras)
[24Aug2026 18:46:21.128] [main/DEBUG] [mixin/]: Instancing new MixinPlatformAgentDefault for SecureJarResource(MixinExtras)
[24Aug2026 18:46:21.128] [main/DEBUG] [mixin/]: MixinPlatformAgentDefault accepted container SecureJarResource(MixinExtras)
[24Aug2026 18:46:21.129] [main/DEBUG] [mixin/]: Processing prepare() for PlatformAgent[MixinPlatformAgentDefault:SecureJarResource(MixinExtras)]
[24Aug2026 18:46:21.129] [main/DEBUG] [mixin/]: Adding mixin platform agents for container SecureJarResource(mixinextras)
[24Aug2026 18:46:21.129] [main/DEBUG] [mixin/]: Instancing new MixinPlatformAgentMinecraftForge for SecureJarResource(mixinextras)
[24Aug2026 18:46:21.129] [main/DEBUG] [mixin/]: MixinPlatformAgentMinecraftForge rejected container SecureJarResource(mixinextras)
[24Aug2026 18:46:21.129] [main/DEBUG] [mixin/]: Instancing new MixinPlatformAgentDefault for SecureJarResource(mixinextras)
[24Aug2026 18:46:21.129] [main/DEBUG] [mixin/]: MixinPlatformAgentDefault accepted container SecureJarResource(mixinextras)
[24Aug2026 18:46:21.129] [main/DEBUG] [mixin/]: Processing prepare() for PlatformAgent[MixinPlatformAgentDefault:SecureJarResource(mixinextras)]
[24Aug2026 18:46:21.129] [main/DEBUG] [mixin/]: Registering mixin config: mixinextras.init.mixins.json
[24Aug2026 18:46:21.131] [main/DEBUG] [mixin/]: inject() running with 6 agents
[24Aug2026 18:46:21.131] [main/DEBUG] [mixin/]: Processing inject() for PlatformAgent[MixinPlatformAgentDefault:ModLauncher Root Container(ModLauncher:4f56a0a2)]
[24Aug2026 18:46:21.131] [main/DEBUG] [mixin/]: Processing inject() for PlatformAgent[MixinPlatformAgentDefault:SecureJarResource(minecraft)]
[24Aug2026 18:46:21.131] [main/DEBUG] [mixin/]: Processing inject() for PlatformAgent[MixinPlatformAgentDefault:SecureJarResource(scplockdown)]
[24Aug2026 18:46:21.131] [main/DEBUG] [mixin/]: Processing inject() for PlatformAgent[MixinPlatformAgentDefault:SecureJarResource(forge)]
[24Aug2026 18:46:21.131] [main/DEBUG] [mixin/]: Processing inject() for PlatformAgent[MixinPlatformAgentDefault:SecureJarResource(MixinExtras)]
[24Aug2026 18:46:21.131] [main/DEBUG] [mixin/]: Processing inject() for PlatformAgent[MixinPlatformAgentDefault:SecureJarResource(mixinextras)]
[24Aug2026 18:46:21.131] [main/INFO] [cpw.mods.modlauncher.LaunchServiceHandler/MODLAUNCHER]: Launching target 'forgedatauserdev' with arguments [--gameDir, ., --assetsDir, /home/keppel/.gradle/caches/forge_gradle/assets, --assetIndex, 5, --mod, scplockdown, --all, --output, /home/keppel/Desktop/SCP Lockdown/Code/SCPLockdown/src/generated/resources, --existing, /home/keppel/Desktop/SCP Lockdown/Code/SCPLockdown/src/main/resources]
[24Aug2026 18:46:21.152] [main/DEBUG] [mixin/]: Error cleaning class output directory: .mixin.out
[24Aug2026 18:46:21.153] [main/DEBUG] [mixin/]: Preparing mixins for MixinEnvironment[DEFAULT]
[24Aug2026 18:46:21.153] [main/DEBUG] [mixin/]: Selecting config mixins.scplockdown.json
[24Aug2026 18:46:21.156] [main/WARN] [mixin/]: Reference map 'mixins.scplockdown.refmap.json' for mixins.scplockdown.json could not be read. If this is a development environment you can ignore this message
[24Aug2026 18:46:21.156] [main/DEBUG] [mixin/]: Selecting config mixinextras.init.mixins.json
[24Aug2026 18:46:21.199] [main/DEBUG] [MixinExtras|Service/]: com.llamalad7.mixinextras.service.MixinExtrasServiceImpl(version=0.5.0) is taking over from null
[24Aug2026 18:46:21.223] [main/DEBUG] [mixin/]: Registering new injector for @Inject with org.spongepowered.asm.mixin.injection.struct.CallbackInjectionInfo
[24Aug2026 18:46:21.224] [main/DEBUG] [mixin/]: Registering new injector for @ModifyArg with org.spongepowered.asm.mixin.injection.struct.ModifyArgInjectionInfo
[24Aug2026 18:46:21.225] [main/DEBUG] [mixin/]: Registering new injector for @ModifyArgs with org.spongepowered.asm.mixin.injection.struct.ModifyArgsInjectionInfo
[24Aug2026 18:46:21.227] [main/DEBUG] [mixin/]: Registering new injector for @Redirect with org.spongepowered.asm.mixin.injection.struct.RedirectInjectionInfo
[24Aug2026 18:46:21.228] [main/DEBUG] [mixin/]: Registering new injector for @ModifyVariable with org.spongepowered.asm.mixin.injection.struct.ModifyVariableInjectionInfo
[24Aug2026 18:46:21.228] [main/DEBUG] [mixin/]: Registering new injector for @ModifyConstant with org.spongepowered.asm.mixin.injection.struct.ModifyConstantInjectionInfo
[24Aug2026 18:46:21.237] [main/DEBUG] [mixin/]: Preparing mixins.scplockdown.json (8)
[24Aug2026 18:46:21.301] [main/DEBUG] [net.minecraftforge.coremod.transformer.CoreModBaseTransformer/COREMOD]: Transforming net/minecraft/world/effect/MobEffectInstance
[24Aug2026 18:46:21.325] [main/DEBUG] [net.minecraftforge.coremod.transformer.CoreModBaseTransformer/COREMOD]: Transforming net/minecraft/world/level/NaturalSpawner
[24Aug2026 18:46:21.436] [main/DEBUG] [mixin/]: Preparing mixinextras.init.mixins.json (0)
[24Aug2026 18:46:21.447] [main/DEBUG] [mixin/]: Inner class io/github/connortron110/scplockdown/mixin/data/MixinLootTableProvider$1 in io/github/connortron110/scplockdown/mixin/data/MixinLootTableProvider on net/minecraft/data/loot/LootTableProvider gets unique name net/minecraft/data/loot/LootTableProvider$Anonymous$d9f76462b0894c4f8df1fd34609484ec
[24Aug2026 18:46:21.448] [main/DEBUG] [mixin/]: Inner class io/github/connortron110/scplockdown/mixin/data/MixinLootTableProvider$2 in io/github/connortron110/scplockdown/mixin/data/MixinLootTableProvider on net/minecraft/data/loot/LootTableProvider gets unique name net/minecraft/data/loot/LootTableProvider$Anonymous$1f929215c3c446eab3ead74a5a9de139
[24Aug2026 18:46:21.449] [main/DEBUG] [mixin/]: Prepared 8 mixins in 0.295 sec (36.9ms avg) (0ms load, 0ms transform, 0ms plugin)
[24Aug2026 18:46:21.531] [main/DEBUG] [io.netty.util.internal.logging.InternalLoggerFactory/]: Using SLF4J as the default logging framework
[24Aug2026 18:46:21.534] [main/DEBUG] [io.netty.util.ResourceLeakDetector/]: -Dio.netty.leakDetection.level: simple
[24Aug2026 18:46:21.534] [main/DEBUG] [io.netty.util.ResourceLeakDetector/]: -Dio.netty.leakDetection.targetRecords: 4
[24Aug2026 18:46:21.615] [main/INFO] [net.minecraftforge.data.loading.DatagenModLoader/]: Initializing Data Gatherer for mods [scplockdown]
[24Aug2026 18:46:21.697] [main/INFO] [MixinExtras|Service/]: Initializing MixinExtras via com.llamalad7.mixinextras.service.MixinExtrasServiceImpl(version=0.5.0).
[24Aug2026 18:46:21.698] [main/DEBUG] [mixin/]: Registering new injector for @SugarWrapper with com.llamalad7.mixinextras.sugar.impl.SugarWrapperInjectionInfo
[24Aug2026 18:46:21.698] [main/DEBUG] [mixin/]: Registering new injector for @FactoryRedirectWrapper with com.llamalad7.mixinextras.wrapper.factory.FactoryRedirectWrapperInjectionInfo
[24Aug2026 18:46:21.699] [main/DEBUG] [mixin/]: Registering new injector for @ExpressionInjectorWrapper with com.llamalad7.mixinextras.expression.impl.wrapper.ExpressionInjectorWrapperInjectionInfo
[24Aug2026 18:46:21.706] [main/DEBUG] [mixin/]: Mixing MixinEntity from mixins.scplockdown.json into net.minecraft.world.entity.Entity
[24Aug2026 18:46:21.723] [main/DEBUG] [net.minecraftforge.coremod.transformer.CoreModBaseTransformer/COREMOD]: Transforming net/minecraft/world/entity/EntityType
[24Aug2026 18:46:21.805] [main/DEBUG] [mixin/]: Mixing MixinLivingEntity from mixins.scplockdown.json into net.minecraft.world.entity.LivingEntity
[24Aug2026 18:46:21.807] [main/DEBUG] [mixin/]: Renaming synthetic method lambda$SCP_Lockdown$runObservationCheck$1(Lio/github/connortron110/scplockdown/events/hooks/IDislikeBeingObserved;Lnet/minecraft/world/entity/LivingEntity;)Z to md111e41$lambda$SCP_Lockdown$runObservationCheck$1$0 in mixins.scplockdown.json:MixinLivingEntity
[24Aug2026 18:46:21.807] [main/DEBUG] [mixin/]: Renaming synthetic method lambda$SCP_Lockdown$runObservationCheck$0(Lnet/minecraft/world/entity/LivingEntity;Lnet/minecraft/world/entity/EntityType;)Z to md111e41$lambda$SCP_Lockdown$runObservationCheck$0$1 in mixins.scplockdown.json:MixinLivingEntity
[24Aug2026 18:46:21.873] [main/DEBUG] [mixin/]: Mixing MixinServerWorld from mixins.scplockdown.json into net.minecraft.server.level.ServerLevel
[24Aug2026 18:46:21.902] [main/DEBUG] [mixin/]: Mixing client.ClientMixinItem from mixins.scplockdown.json into net.minecraft.world.item.Item
[24Aug2026 18:46:21.903] [main/DEBUG] [mixin/]: Renaming synthetic method lambda$appendHoverText$0(Lnet/minecraft/world/item/Item;Lnet/minecraftforge/registries/RegistryObject;)Z to md111e41$lambda$appendHoverText$0$0 in mixins.scplockdown.json:client.ClientMixinItem
[24Aug2026 18:46:21.904] [main/DEBUG] [net.minecraftforge.coremod.transformer.CoreModBaseTransformer/COREMOD]: Transforming net/minecraft/world/item/ItemStack
[24Aug2026 18:46:21.930] [main/DEBUG] [net.minecraftforge.coremod.transformer.CoreModBaseTransformer/COREMOD]: Transforming net/minecraft/world/entity/EntityType
[24Aug2026 18:46:22.089] [main/DEBUG] [net.minecraftforge.coremod.transformer.CoreModBaseTransformer/COREMOD]: Transforming net/minecraft/world/level/block/LiquidBlock
[24Aug2026 18:46:22.105] [main/DEBUG] [net.minecraftforge.coremod.transformer.CoreModBaseTransformer/COREMOD]: Transforming net/minecraft/world/level/block/StairBlock
[24Aug2026 18:46:22.134] [main/DEBUG] [net.minecraftforge.coremod.transformer.CoreModBaseTransformer/COREMOD]: Transforming net/minecraft/world/level/block/FlowerPotBlock
[24Aug2026 18:46:22.427] [main/DEBUG] [mixin/]: Mixing MixinMobEntity from mixins.scplockdown.json into net.minecraft.world.entity.Mob
[24Aug2026 18:46:22.428] [main/DEBUG] [mixin/]: Renaming synthetic method lambda$registerSharedGoals$0(Lnet/minecraft/world/entity/LivingEntity;)Z to md111e41$lambda$registerSharedGoals$0$0 in mixins.scplockdown.json:MixinMobEntity
[24Aug2026 18:46:22.469] [main/DEBUG] [net.minecraftforge.coremod.transformer.CoreModBaseTransformer/COREMOD]: Transforming net/minecraft/world/item/ItemStack
[24Aug2026 18:46:22.751] [main/DEBUG] [net.minecraftforge.coremod.transformer.CoreModBaseTransformer/COREMOD]: Transforming net/minecraft/world/entity/animal/frog/Tadpole
[24Aug2026 18:46:22.773] [main/DEBUG] [net.minecraftforge.coremod.transformer.CoreModBaseTransformer/COREMOD]: Transforming net/minecraft/world/item/BucketItem
[24Aug2026 18:46:23.109] [main/DEBUG] [net.minecraftforge.coremod.transformer.CoreModBaseTransformer/COREMOD]: Transforming net/minecraft/world/entity/monster/Spider
[24Aug2026 18:46:23.128] [main/DEBUG] [net.minecraftforge.coremod.transformer.CoreModBaseTransformer/COREMOD]: Transforming net/minecraft/world/entity/monster/Zombie
[24Aug2026 18:46:23.141] [main/DEBUG] [net.minecraftforge.coremod.transformer.CoreModBaseTransformer/COREMOD]: Transforming net/minecraft/world/entity/monster/ZombieVillager
[24Aug2026 18:46:23.168] [main/DEBUG] [net.minecraftforge.coremod.transformer.CoreModBaseTransformer/COREMOD]: Transforming net/minecraft/world/entity/monster/Evoker$EvokerSummonSpellGoal
[24Aug2026 18:46:23.232] [main/DEBUG] [net.minecraftforge.coremod.transformer.CoreModBaseTransformer/COREMOD]: Transforming net/minecraft/world/entity/animal/horse/SkeletonTrapGoal
[24Aug2026 18:46:23.241] [main/DEBUG] [net.minecraftforge.coremod.transformer.CoreModBaseTransformer/COREMOD]: Transforming net/minecraft/world/entity/monster/Strider
[24Aug2026 18:46:23.289] [main/DEBUG] [net.minecraftforge.coremod.transformer.CoreModBaseTransformer/COREMOD]: Transforming net/minecraft/world/entity/npc/Villager
[24Aug2026 18:46:23.333] [main/DEBUG] [net.minecraftforge.coremod.transformer.CoreModBaseTransformer/COREMOD]: Transforming net/minecraft/world/effect/MobEffectInstance
[24Aug2026 18:46:23.334] [main/DEBUG] [mixin/]: Mixing MixinMobEffectInstance from mixins.scplockdown.json into net.minecraft.world.effect.MobEffectInstance
[24Aug2026 18:46:23.590] [main/DEBUG] [net.minecraftforge.coremod.transformer.CoreModBaseTransformer/COREMOD]: Transforming net/minecraft/world/level/levelgen/structure/Structure
[24Aug2026 18:46:23.607] [main/DEBUG] [net.minecraftforge.coremod.transformer.CoreModBaseTransformer/COREMOD]: Transforming net/minecraft/world/level/levelgen/structure/structures/OceanRuinPieces$OceanRuinPiece
[24Aug2026 18:46:23.610] [main/DEBUG] [net.minecraftforge.coremod.transformer.CoreModBaseTransformer/COREMOD]: Transforming net/minecraft/world/level/levelgen/structure/structures/SwampHutPiece
[24Aug2026 18:46:23.614] [main/DEBUG] [net.minecraftforge.coremod.transformer.CoreModBaseTransformer/COREMOD]: Transforming net/minecraft/world/level/levelgen/structure/structures/OceanMonumentPieces$OceanMonumentPiece
[24Aug2026 18:46:23.619] [main/DEBUG] [net.minecraftforge.coremod.transformer.CoreModBaseTransformer/COREMOD]: Transforming net/minecraft/world/level/levelgen/structure/structures/WoodlandMansionPieces$WoodlandMansionPiece
[24Aug2026 18:46:23.666] [main/DEBUG] [net.minecraftforge.coremod.transformer.CoreModBaseTransformer/COREMOD]: Transforming net/minecraft/world/level/biome/Biome
[24Aug2026 18:46:23.765] [main/DEBUG] [net.minecraftforge.registries.GameData/REGISTRIES]: Creating vanilla freeze snapshot
[24Aug2026 18:46:23.767] [main/DEBUG] [net.minecraftforge.registries.ForgeRegistry/REGISTRIES]: Registry minecraft:block Sync: VANILLA -> ACTIVE
[24Aug2026 18:46:23.774] [main/DEBUG] [net.minecraftforge.registries.ForgeRegistry/REGISTRIES]: Registry minecraft:fluid Sync: VANILLA -> ACTIVE
[24Aug2026 18:46:23.774] [main/DEBUG] [net.minecraftforge.registries.ForgeRegistry/REGISTRIES]: Registry minecraft:item Sync: VANILLA -> ACTIVE
[24Aug2026 18:46:23.781] [main/DEBUG] [net.minecraftforge.registries.ForgeRegistry/REGISTRIES]: Registry minecraft:mob_effect Sync: VANILLA -> ACTIVE
[24Aug2026 18:46:23.781] [main/DEBUG] [net.minecraftforge.registries.ForgeRegistry/REGISTRIES]: Registry minecraft:sound_event Sync: VANILLA -> ACTIVE
[24Aug2026 18:46:23.787] [main/DEBUG] [net.minecraftforge.registries.ForgeRegistry/REGISTRIES]: Registry minecraft:potion Sync: VANILLA -> ACTIVE
[24Aug2026 18:46:23.787] [main/DEBUG] [net.minecraftforge.registries.ForgeRegistry/REGISTRIES]: Registry minecraft:enchantment Sync: VANILLA -> ACTIVE
[24Aug2026 18:46:23.787] [main/DEBUG] [net.minecraftforge.registries.ForgeRegistry/REGISTRIES]: Registry minecraft:entity_type Sync: VANILLA -> ACTIVE
[24Aug2026 18:46:23.788] [main/DEBUG] [net.minecraftforge.registries.ForgeRegistry/REGISTRIES]: Registry minecraft:block_entity_type Sync: VANILLA -> ACTIVE
[24Aug2026 18:46:23.788] [main/DEBUG] [net.minecraftforge.registries.ForgeRegistry/REGISTRIES]: Registry minecraft:particle_type Sync: VANILLA -> ACTIVE
[24Aug2026 18:46:23.789] [main/DEBUG] [net.minecraftforge.registries.ForgeRegistry/REGISTRIES]: Registry minecraft:menu Sync: VANILLA -> ACTIVE
[24Aug2026 18:46:23.789] [main/DEBUG] [net.minecraftforge.registries.ForgeRegistry/REGISTRIES]: Registry minecraft:painting_variant Sync: VANILLA -> ACTIVE
[24Aug2026 18:46:23.789] [main/DEBUG] [net.minecraftforge.registries.ForgeRegistry/REGISTRIES]: Registry minecraft:recipe_type Sync: VANILLA -> ACTIVE
[24Aug2026 18:46:23.789] [main/DEBUG] [net.minecraftforge.registries.ForgeRegistry/REGISTRIES]: Registry minecraft:recipe_serializer Sync: VANILLA -> ACTIVE
[24Aug2026 18:46:23.789] [main/DEBUG] [net.minecraftforge.registries.ForgeRegistry/REGISTRIES]: Registry minecraft:attribute Sync: VANILLA -> ACTIVE
[24Aug2026 18:46:23.789] [main/DEBUG] [net.minecraftforge.registries.ForgeRegistry/REGISTRIES]: Registry minecraft:stat_type Sync: VANILLA -> ACTIVE
[24Aug2026 18:46:23.789] [main/DEBUG] [net.minecraftforge.registries.ForgeRegistry/REGISTRIES]: Registry minecraft:command_argument_type Sync: VANILLA -> ACTIVE
[24Aug2026 18:46:23.790] [main/DEBUG] [net.minecraftforge.registries.ForgeRegistry/REGISTRIES]: Registry minecraft:villager_profession Sync: VANILLA -> ACTIVE
[24Aug2026 18:46:23.790] [main/DEBUG] [net.minecraftforge.registries.ForgeRegistry/REGISTRIES]: Registry minecraft:point_of_interest_type Sync: VANILLA -> ACTIVE
[24Aug2026 18:46:23.791] [main/DEBUG] [net.minecraftforge.registries.ForgeRegistry/REGISTRIES]: Registry minecraft:memory_module_type Sync: VANILLA -> ACTIVE
[24Aug2026 18:46:23.791] [main/DEBUG] [net.minecraftforge.registries.ForgeRegistry/REGISTRIES]: Registry minecraft:sensor_type Sync: VANILLA -> ACTIVE
[24Aug2026 18:46:23.792] [main/DEBUG] [net.minecraftforge.registries.ForgeRegistry/REGISTRIES]: Registry minecraft:schedule Sync: VANILLA -> ACTIVE
[24Aug2026 18:46:23.792] [main/DEBUG] [net.minecraftforge.registries.ForgeRegistry/REGISTRIES]: Registry minecraft:activity Sync: VANILLA -> ACTIVE
[24Aug2026 18:46:23.792] [main/DEBUG] [net.minecraftforge.registries.ForgeRegistry/REGISTRIES]: Registry minecraft:worldgen/carver Sync: VANILLA -> ACTIVE
[24Aug2026 18:46:23.792] [main/DEBUG] [net.minecraftforge.registries.ForgeRegistry/REGISTRIES]: Registry minecraft:worldgen/feature Sync: VANILLA -> ACTIVE
[24Aug2026 18:46:23.792] [main/DEBUG] [net.minecraftforge.registries.ForgeRegistry/REGISTRIES]: Registry minecraft:chunk_status Sync: VANILLA -> ACTIVE
[24Aug2026 18:46:23.792] [main/DEBUG] [net.minecraftforge.registries.ForgeRegistry/REGISTRIES]: Registry minecraft:worldgen/block_state_provider_type Sync: VANILLA -> ACTIVE
[24Aug2026 18:46:23.792] [main/DEBUG] [net.minecraftforge.registries.ForgeRegistry/REGISTRIES]: Registry minecraft:worldgen/foliage_placer_type Sync: VANILLA -> ACTIVE
[24Aug2026 18:46:23.792] [main/DEBUG] [net.minecraftforge.registries.ForgeRegistry/REGISTRIES]: Registry minecraft:worldgen/tree_decorator_type Sync: VANILLA -> ACTIVE
[24Aug2026 18:46:23.793] [main/DEBUG] [net.minecraftforge.registries.ForgeRegistry/REGISTRIES]: Registry minecraft:worldgen/biome Sync: VANILLA -> ACTIVE
[24Aug2026 18:46:23.797] [main/DEBUG] [net.minecraftforge.registries.GameData/REGISTRIES]: Vanilla freeze snapshot created
[24Aug2026 18:46:23.811] [main/DEBUG] [io.netty.util.internal.PlatformDependent0/]: -Dio.netty.noUnsafe: false
[24Aug2026 18:46:23.811] [main/DEBUG] [io.netty.util.internal.PlatformDependent0/]: Java version: 17
[24Aug2026 18:46:23.812] [main/DEBUG] [io.netty.util.internal.PlatformDependent0/]: sun.misc.Unsafe.theUnsafe: available
[24Aug2026 18:46:23.812] [main/DEBUG] [io.netty.util.internal.PlatformDependent0/]: sun.misc.Unsafe.copyMemory: available
[24Aug2026 18:46:23.812] [main/DEBUG] [io.netty.util.internal.PlatformDependent0/]: sun.misc.Unsafe.storeFence: available
[24Aug2026 18:46:23.812] [main/DEBUG] [io.netty.util.internal.PlatformDependent0/]: java.nio.Buffer.address: available
[24Aug2026 18:46:23.813] [main/DEBUG] [io.netty.util.internal.PlatformDependent0/]: direct buffer constructor: unavailable
java.lang.UnsupportedOperationException: Reflective setAccessible(true) disabled
	at io.netty.util.internal.ReflectionUtil.trySetAccessible(ReflectionUtil.java:31) ~[netty-common-4.1.82.Final.jar:4.1.82.Final]
	at io.netty.util.internal.PlatformDependent0$5.run(PlatformDependent0.java:288) ~[netty-common-4.1.82.Final.jar:4.1.82.Final]
	at java.security.AccessController.doPrivileged(AccessController.java:318) ~[?:?]
	at io.netty.util.internal.PlatformDependent0.<clinit>(PlatformDependent0.java:282) ~[netty-common-4.1.82.Final.jar:4.1.82.Final]
	at io.netty.util.internal.PlatformDependent.isAndroid(PlatformDependent.java:333) ~[netty-common-4.1.82.Final.jar:4.1.82.Final]
	at io.netty.util.internal.PlatformDependent.<clinit>(PlatformDependent.java:88) ~[netty-common-4.1.82.Final.jar:4.1.82.Final]
	at io.netty.util.ConstantPool.<init>(ConstantPool.java:34) ~[netty-common-4.1.82.Final.jar:4.1.82.Final]
	at io.netty.util.AttributeKey$1.<init>(AttributeKey.java:27) ~[netty-common-4.1.82.Final.jar:4.1.82.Final]
	at io.netty.util.AttributeKey.<clinit>(AttributeKey.java:27) ~[netty-common-4.1.82.Final.jar:4.1.82.Final]
	at net.minecraftforge.network.NetworkConstants.<clinit>(NetworkConstants.java:34) ~[forge-1.20.1-47.4.23_mapped_parchment_2023.09.03-1.20.1-recomp.jar:?]
	at net.minecraftforge.network.NetworkHooks.init(NetworkHooks.java:52) ~[forge-1.20.1-47.4.23_mapped_parchment_2023.09.03-1.20.1-recomp.jar:?]
	at net.minecraft.server.Bootstrap.bootStrap(Bootstrap.java:66) ~[forge-1.20.1-47.4.23_mapped_parchment_2023.09.03-1.20.1-recomp.jar:?]
	at net.minecraftforge.data.loading.DatagenModLoader.begin(DatagenModLoader.java:42) ~[forge-1.20.1-47.4.23_mapped_parchment_2023.09.03-1.20.1-recomp.jar:?]
	at net.minecraft.data.Main.main(Main.java:90) ~[forge-1.20.1-47.4.23_mapped_parchment_2023.09.03-1.20.1-recomp.jar:?]
	at jdk.internal.reflect.NativeMethodAccessorImpl.invoke0(Native Method) ~[?:?]
	at jdk.internal.reflect.NativeMethodAccessorImpl.invoke(NativeMethodAccessorImpl.java:77) ~[?:?]
	at jdk.internal.reflect.DelegatingMethodAccessorImpl.invoke(DelegatingMethodAccessorImpl.java:43) ~[?:?]
	at java.lang.reflect.Method.invoke(Method.java:569) ~[?:?]
	at net.minecraftforge.fml.loading.targets.CommonLaunchHandler.runTarget(CommonLaunchHandler.java:111) ~[fmlloader-1.20.1-47.4.23.jar:?]
	at net.minecraftforge.fml.loading.targets.CommonLaunchHandler.dataService(CommonLaunchHandler.java:107) ~[fmlloader-1.20.1-47.4.23.jar:?]
	at net.minecraftforge.fml.loading.targets.ForgeDataUserdevLaunchHandler.devService(ForgeDataUserdevLaunchHandler.java:22) ~[fmlloader-1.20.1-47.4.23.jar:?]
	at net.minecraftforge.fml.loading.targets.CommonDevLaunchHandler.lambda$makeService$7(CommonDevLaunchHandler.java:135) ~[fmlloader-1.20.1-47.4.23.jar:?]
	at cpw.mods.modlauncher.LaunchServiceHandlerDecorator.launch(LaunchServiceHandlerDecorator.java:30) ~[modlauncher-10.0.9.jar:?]
	at cpw.mods.modlauncher.LaunchServiceHandler.launch(LaunchServiceHandler.java:53) ~[modlauncher-10.0.9.jar:?]
	at cpw.mods.modlauncher.LaunchServiceHandler.launch(LaunchServiceHandler.java:71) ~[modlauncher-10.0.9.jar:?]
	at cpw.mods.modlauncher.Launcher.run(Launcher.java:108) ~[modlauncher-10.0.9.jar:?]
	at cpw.mods.modlauncher.Launcher.main(Launcher.java:78) ~[modlauncher-10.0.9.jar:?]
	at cpw.mods.modlauncher.BootstrapLaunchConsumer.accept(BootstrapLaunchConsumer.java:26) ~[modlauncher-10.0.9.jar:?]
	at cpw.mods.modlauncher.BootstrapLaunchConsumer.accept(BootstrapLaunchConsumer.java:23) ~[modlauncher-10.0.9.jar:?]
	at cpw.mods.bootstraplauncher.BootstrapLauncher.main(BootstrapLauncher.java:141) ~[bootstraplauncher-1.1.2.jar:?]
[24Aug2026 18:46:23.826] [main/DEBUG] [io.netty.util.internal.PlatformDependent0/]: java.nio.Bits.unaligned: available, true
[24Aug2026 18:46:23.826] [main/DEBUG] [io.netty.util.internal.PlatformDependent0/]: jdk.internal.misc.Unsafe.allocateUninitializedArray(int): unavailable
java.lang.IllegalAccessException: class io.netty.util.internal.PlatformDependent0$7 (in module io.netty.common) cannot access class jdk.internal.misc.Unsafe (in module java.base) because module java.base does not export jdk.internal.misc to module io.netty.common
	at jdk.internal.reflect.Reflection.newIllegalAccessException(Reflection.java:392) ~[?:?]
	at java.lang.reflect.AccessibleObject.checkAccess(AccessibleObject.java:674) ~[?:?]
	at java.lang.reflect.Method.invoke(Method.java:561) ~[?:?]
	at io.netty.util.internal.PlatformDependent0$7.run(PlatformDependent0.java:410) ~[netty-common-4.1.82.Final.jar:4.1.82.Final]
	at java.security.AccessController.doPrivileged(AccessController.java:318) ~[?:?]
	at io.netty.util.internal.PlatformDependent0.<clinit>(PlatformDependent0.java:401) ~[netty-common-4.1.82.Final.jar:4.1.82.Final]
	at io.netty.util.internal.PlatformDependent.isAndroid(PlatformDependent.java:333) ~[netty-common-4.1.82.Final.jar:4.1.82.Final]
	at io.netty.util.internal.PlatformDependent.<clinit>(PlatformDependent.java:88) ~[netty-common-4.1.82.Final.jar:4.1.82.Final]
	at io.netty.util.ConstantPool.<init>(ConstantPool.java:34) ~[netty-common-4.1.82.Final.jar:4.1.82.Final]
	at io.netty.util.AttributeKey$1.<init>(AttributeKey.java:27) ~[netty-common-4.1.82.Final.jar:4.1.82.Final]
	at io.netty.util.AttributeKey.<clinit>(AttributeKey.java:27) ~[netty-common-4.1.82.Final.jar:4.1.82.Final]
	at net.minecraftforge.network.NetworkConstants.<clinit>(NetworkConstants.java:34) ~[forge-1.20.1-47.4.23_mapped_parchment_2023.09.03-1.20.1-recomp.jar:?]
	at net.minecraftforge.network.NetworkHooks.init(NetworkHooks.java:52) ~[forge-1.20.1-47.4.23_mapped_parchment_2023.09.03-1.20.1-recomp.jar:?]
	at net.minecraft.server.Bootstrap.bootStrap(Bootstrap.java:66) ~[forge-1.20.1-47.4.23_mapped_parchment_2023.09.03-1.20.1-recomp.jar:?]
	at net.minecraftforge.data.loading.DatagenModLoader.begin(DatagenModLoader.java:42) ~[forge-1.20.1-47.4.23_mapped_parchment_2023.09.03-1.20.1-recomp.jar:?]
	at net.minecraft.data.Main.main(Main.java:90) ~[forge-1.20.1-47.4.23_mapped_parchment_2023.09.03-1.20.1-recomp.jar:?]
	at jdk.internal.reflect.NativeMethodAccessorImpl.invoke0(Native Method) ~[?:?]
	at jdk.internal.reflect.NativeMethodAccessorImpl.invoke(NativeMethodAccessorImpl.java:77) ~[?:?]
	at jdk.internal.reflect.DelegatingMethodAccessorImpl.invoke(DelegatingMethodAccessorImpl.java:43) ~[?:?]
	at java.lang.reflect.Method.invoke(Method.java:569) ~[?:?]
	at net.minecraftforge.fml.loading.targets.CommonLaunchHandler.runTarget(CommonLaunchHandler.java:111) ~[fmlloader-1.20.1-47.4.23.jar:?]
	at net.minecraftforge.fml.loading.targets.CommonLaunchHandler.dataService(CommonLaunchHandler.java:107) ~[fmlloader-1.20.1-47.4.23.jar:?]
	at net.minecraftforge.fml.loading.targets.ForgeDataUserdevLaunchHandler.devService(ForgeDataUserdevLaunchHandler.java:22) ~[fmlloader-1.20.1-47.4.23.jar:?]
	at net.minecraftforge.fml.loading.targets.CommonDevLaunchHandler.lambda$makeService$7(CommonDevLaunchHandler.java:135) ~[fmlloader-1.20.1-47.4.23.jar:?]
	at cpw.mods.modlauncher.LaunchServiceHandlerDecorator.launch(LaunchServiceHandlerDecorator.java:30) ~[modlauncher-10.0.9.jar:?]
	at cpw.mods.modlauncher.LaunchServiceHandler.launch(LaunchServiceHandler.java:53) ~[modlauncher-10.0.9.jar:?]
	at cpw.mods.modlauncher.LaunchServiceHandler.launch(LaunchServiceHandler.java:71) ~[modlauncher-10.0.9.jar:?]
	at cpw.mods.modlauncher.Launcher.run(Launcher.java:108) ~[modlauncher-10.0.9.jar:?]
	at cpw.mods.modlauncher.Launcher.main(Launcher.java:78) ~[modlauncher-10.0.9.jar:?]
	at cpw.mods.modlauncher.BootstrapLaunchConsumer.accept(BootstrapLaunchConsumer.java:26) ~[modlauncher-10.0.9.jar:?]
	at cpw.mods.modlauncher.BootstrapLaunchConsumer.accept(BootstrapLaunchConsumer.java:23) ~[modlauncher-10.0.9.jar:?]
	at cpw.mods.bootstraplauncher.BootstrapLauncher.main(BootstrapLauncher.java:141) ~[bootstraplauncher-1.1.2.jar:?]
[24Aug2026 18:46:23.828] [main/DEBUG] [io.netty.util.internal.PlatformDependent0/]: java.nio.DirectByteBuffer.<init>(long, int): unavailable
[24Aug2026 18:46:23.828] [main/DEBUG] [io.netty.util.internal.PlatformDependent/]: sun.misc.Unsafe: available
[24Aug2026 18:46:23.829] [main/DEBUG] [io.netty.util.internal.PlatformDependent/]: maxDirectMemory: 8388608000 bytes (maybe)
[24Aug2026 18:46:23.829] [main/DEBUG] [io.netty.util.internal.PlatformDependent/]: -Dio.netty.tmpdir: /tmp (java.io.tmpdir)
[24Aug2026 18:46:23.829] [main/DEBUG] [io.netty.util.internal.PlatformDependent/]: -Dio.netty.bitMode: 64 (sun.arch.data.model)
[24Aug2026 18:46:23.830] [main/DEBUG] [io.netty.util.internal.PlatformDependent/]: -Dio.netty.maxDirectMemory: -1 bytes
[24Aug2026 18:46:23.830] [main/DEBUG] [io.netty.util.internal.PlatformDependent/]: -Dio.netty.uninitializedArrayAllocationThreshold: -1
[24Aug2026 18:46:23.830] [main/DEBUG] [io.netty.util.internal.CleanerJava9/]: java.nio.ByteBuffer.cleaner(): available
[24Aug2026 18:46:23.830] [main/DEBUG] [io.netty.util.internal.PlatformDependent/]: -Dio.netty.noPreferDirect: false
[24Aug2026 18:46:23.862] [main/DEBUG] [net.minecraftforge.network.NetworkHooks/]: Loading Network data for FML net version: FML3
[24Aug2026 18:46:23.873] [main/DEBUG] [net.minecraftforge.fml.ModWorkManager/LOADING]: Using 16 threads for parallel mod-loading
[24Aug2026 18:46:23.877] [main/DEBUG] [net.minecraftforge.fml.javafmlmod.FMLJavaModLanguageProvider/LOADING]: Loading FMLModContainer from classloader cpw.mods.modlauncher.TransformingClassLoader@404eca05 - got cpw.mods.cl.ModuleClassLoader@28cb9120
[24Aug2026 18:46:23.878] [main/DEBUG] [net.minecraftforge.fml.javafmlmod.FMLModContainer/LOADING]: Creating FMLModContainer instance for io.github.connortron110.scplockdown.SCPLockdown
[24Aug2026 18:46:23.879] [main/DEBUG] [net.minecraftforge.fml.javafmlmod.FMLJavaModLanguageProvider/LOADING]: Loading FMLModContainer from classloader cpw.mods.modlauncher.TransformingClassLoader@404eca05 - got cpw.mods.cl.ModuleClassLoader@28cb9120
[24Aug2026 18:46:23.880] [main/DEBUG] [net.minecraftforge.fml.javafmlmod.FMLModContainer/LOADING]: Creating FMLModContainer instance for net.minecraftforge.common.ForgeMod
[24Aug2026 18:46:23.900] [modloading-worker-0/DEBUG] [net.minecraftforge.versions.forge.ForgeVersion/CORE]: Forge Version package package net.minecraftforge.versions.forge, Forge, version 47.4 from cpw.mods.modlauncher.TransformingClassLoader@404eca05
[24Aug2026 18:46:23.901] [modloading-worker-0/DEBUG] [net.minecraftforge.versions.forge.ForgeVersion/CORE]: Found Forge version 47.4.23
[24Aug2026 18:46:23.901] [modloading-worker-0/DEBUG] [net.minecraftforge.versions.forge.ForgeVersion/CORE]: Found Forge spec 47.4
[24Aug2026 18:46:23.901] [modloading-worker-0/DEBUG] [net.minecraftforge.versions.forge.ForgeVersion/CORE]: Found Forge group net.minecraftforge
[24Aug2026 18:46:23.901] [modloading-worker-0/DEBUG] [net.minecraftforge.versions.mcp.MCPVersion/CORE]: MCP Version package package net.minecraftforge.versions.mcp, Minecraft, version 1.20.1 from cpw.mods.modlauncher.TransformingClassLoader@404eca05
[24Aug2026 18:46:23.901] [modloading-worker-0/DEBUG] [net.minecraftforge.versions.mcp.MCPVersion/CORE]: Found MC version information 1.20.1
[24Aug2026 18:46:23.901] [modloading-worker-0/DEBUG] [net.minecraftforge.versions.mcp.MCPVersion/CORE]: Found MCP version information 20230612.114412
[24Aug2026 18:46:23.901] [modloading-worker-0/INFO] [net.minecraftforge.common.ForgeMod/FORGEMOD]: Forge mod loading, version 47.4.23, for MC 1.20.1 with MCP 20230612.114412
[24Aug2026 18:46:23.903] [modloading-worker-0/INFO] [net.minecraftforge.common.MinecraftForge/FORGE]: MinecraftForge v47.4.23 Initialized
[24Aug2026 18:46:23.939] [modloading-worker-0/DEBUG] [net.minecraftforge.fml.config.ConfigTracker/CONFIG]: Config file forge-client.toml for forge tracking
[24Aug2026 18:46:23.939] [modloading-worker-0/DEBUG] [net.minecraftforge.fml.config.ConfigTracker/CONFIG]: Config file forge-server.toml for forge tracking
[24Aug2026 18:46:23.939] [modloading-worker-0/DEBUG] [net.minecraftforge.fml.ModLoadingContext/]: Attempted to register an empty config for type COMMON on mod forge
[24Aug2026 18:46:23.960] [modloading-worker-0/DEBUG] [net.minecraftforge.fml.javafmlmod.AutomaticEventSubscriber/LOADING]: Attempting to inject @EventBusSubscriber classes into the eventbus for forge
[24Aug2026 18:46:23.963] [modloading-worker-0/DEBUG] [net.minecraftforge.fml.javafmlmod.AutomaticEventSubscriber/LOADING]: Auto-subscribing net.minecraftforge.common.ForgeSpawnEggItem$CommonHandler to MOD
[24Aug2026 18:46:23.963] [modloading-worker-0/DEBUG] [net.minecraftforge.fml.config.ConfigTracker/CONFIG]: Config file scplockdown-common.toml for scplockdown tracking
[24Aug2026 18:46:23.964] [modloading-worker-0/DEBUG] [net.minecraftforge.fml.javafmlmod.AutomaticEventSubscriber/LOADING]: Auto-subscribing net.minecraftforge.common.ForgeSpawnEggItem$ColorRegisterHandler to MOD
[24Aug2026 18:46:23.964] [modloading-worker-0/DEBUG] [net.minecraftforge.fml.javafmlmod.AutomaticEventSubscriber/LOADING]: Attempting to inject @EventBusSubscriber classes into the eventbus for scplockdown
[24Aug2026 18:46:23.964] [modloading-worker-0/DEBUG] [net.minecraftforge.fml.javafmlmod.AutomaticEventSubscriber/LOADING]: Auto-subscribing io.github.connortron110.scplockdown.registration.SCPEntities to MOD
[24Aug2026 18:46:23.965] [modloading-worker-0/DEBUG] [net.minecraftforge.fml.javafmlmod.AutomaticEventSubscriber/LOADING]: Auto-subscribing io.github.connortron110.scplockdown.client.camerashake.CameraShakeEvent to FORGE
[24Aug2026 18:46:23.966] [modloading-worker-0/DEBUG] [net.minecraftforge.fml.javafmlmod.AutomaticEventSubscriber/LOADING]: Auto-subscribing net.minecraftforge.client.model.data.ModelDataManager to FORGE
[24Aug2026 18:46:23.967] [modloading-worker-0/DEBUG] [net.minecraftforge.fml.javafmlmod.AutomaticEventSubscriber/LOADING]: Auto-subscribing net.minecraftforge.client.ForgeHooksClient$ClientEvents to MOD
[24Aug2026 18:46:23.971] [modloading-worker-0/DEBUG] [net.minecraftforge.fml.javafmlmod.AutomaticEventSubscriber/LOADING]: Auto-subscribing io.github.connortron110.scplockdown.client.SCPLayerDefinitions to MOD
[24Aug2026 18:46:23.971] [modloading-worker-0/DEBUG] [net.minecraftforge.fml.javafmlmod.AutomaticEventSubscriber/LOADING]: Auto-subscribing net.minecraftforge.client.ClientForgeMod to MOD
[24Aug2026 18:46:23.976] [modloading-worker-0/DEBUG] [net.minecraftforge.fml.javafmlmod.AutomaticEventSubscriber/LOADING]: Auto-subscribing io.github.connortron110.scplockdown.level.items.TothBrushItem to FORGE
[24Aug2026 18:46:23.978] [modloading-worker-0/DEBUG] [net.minecraftforge.fml.javafmlmod.AutomaticEventSubscriber/LOADING]: Auto-subscribing io.github.connortron110.scplockdown.events.remapping.RenameRemapping to FORGE
[24Aug2026 18:46:23.979] [modloading-worker-0/DEBUG] [net.minecraftforge.fml.javafmlmod.AutomaticEventSubscriber/LOADING]: Auto-subscribing io.github.connortron110.scplockdown.events.setup.ClientSetupEvents to MOD
[24Aug2026 18:46:23.981] [modloading-worker-0/DEBUG] [net.minecraftforge.fml.javafmlmod.AutomaticEventSubscriber/LOADING]: Auto-subscribing io.github.connortron110.scplockdown.events.setup.CommonSetupEvents to MOD
[24Aug2026 18:46:23.982] [modloading-worker-0/DEBUG] [net.minecraftforge.fml.javafmlmod.AutomaticEventSubscriber/LOADING]: Auto-subscribing io.github.connortron110.scplockdown.events.ClientEvents to FORGE
[24Aug2026 18:46:23.985] [modloading-worker-0/DEBUG] [net.minecraftforge.fml.javafmlmod.AutomaticEventSubscriber/LOADING]: Auto-subscribing io.github.connortron110.scplockdown.events.CommonEvents to FORGE
[24Aug2026 18:46:23.987] [modloading-worker-0/DEBUG] [net.minecraftforge.fml.javafmlmod.AutomaticEventSubscriber/LOADING]: Auto-subscribing io.github.connortron110.scplockdown.events.SCPRelatedForgeEvents to FORGE
[24Aug2026 18:46:23.987] [modloading-worker-0/DEBUG] [net.minecraftforge.fml.javafmlmod.AutomaticEventSubscriber/LOADING]: Auto-subscribing io.github.connortron110.scplockdown.data.DataGenerators to MOD
[24Aug2026 18:46:23.988] [modloading-worker-0/DEBUG] [net.minecraftforge.fml.javafmlmod.AutomaticEventSubscriber/LOADING]: Auto-subscribing io.github.connortron110.scplockdown.network.SCPNetwork to MOD
[24Aug2026 18:46:24.001] [main/DEBUG] [net.minecraftforge.registries.ObjectHolderRegistry/REGISTRIES]: Processing ObjectHolder annotations
[24Aug2026 18:46:24.020] [main/DEBUG] [net.minecraftforge.registries.ObjectHolderRegistry/REGISTRIES]: Found 4613 ObjectHolder annotations
[24Aug2026 18:46:24.022] [main/DEBUG] [net.minecraftforge.common.capabilities.CapabilityManager/CAPABILITIES]: Attempting to automatically register: Lnet/minecraftforge/energy/IEnergyStorage;
[24Aug2026 18:46:24.023] [main/DEBUG] [net.minecraftforge.common.capabilities.CapabilityManager/CAPABILITIES]: Attempting to automatically register: Lnet/minecraftforge/fluids/capability/IFluidHandler;
[24Aug2026 18:46:24.023] [main/DEBUG] [net.minecraftforge.common.capabilities.CapabilityManager/CAPABILITIES]: Attempting to automatically register: Lnet/minecraftforge/fluids/capability/IFluidHandlerItem;
[24Aug2026 18:46:24.023] [main/DEBUG] [net.minecraftforge.common.capabilities.CapabilityManager/CAPABILITIES]: Attempting to automatically register: Lnet/minecraftforge/items/IItemHandler;
[24Aug2026 18:46:24.023] [main/DEBUG] [net.minecraftforge.registries.GameData/REGISTRIES]: Unfreezing vanilla registries
[24Aug2026 18:46:24.025] [main/DEBUG] [net.minecraftforge.registries.GameData/REGISTRIES]: Applying holder lookups: minecraft:sound_event
[24Aug2026 18:46:24.028] [main/DEBUG] [net.minecraftforge.registries.GameData/REGISTRIES]: Holder lookups applied: minecraft:sound_event
[24Aug2026 18:46:24.029] [main/DEBUG] [net.minecraftforge.registries.GameData/REGISTRIES]: Applying holder lookups: minecraft:fluid
[24Aug2026 18:46:24.029] [main/DEBUG] [net.minecraftforge.registries.GameData/REGISTRIES]: Holder lookups applied: minecraft:fluid
[24Aug2026 18:46:24.605] [main/DEBUG] [net.minecraftforge.registries.GameData/REGISTRIES]: Applying holder lookups: minecraft:block
[24Aug2026 18:46:24.606] [main/DEBUG] [net.minecraftforge.registries.GameData/REGISTRIES]: Holder lookups applied: minecraft:block
[24Aug2026 18:46:24.606] [main/DEBUG] [net.minecraftforge.registries.GameData/REGISTRIES]: Applying holder lookups: minecraft:attribute
[24Aug2026 18:46:24.606] [main/DEBUG] [net.minecraftforge.registries.GameData/REGISTRIES]: Holder lookups applied: minecraft:attribute
[24Aug2026 18:46:24.607] [main/DEBUG] [net.minecraftforge.registries.GameData/REGISTRIES]: Applying holder lookups: minecraft:mob_effect
[24Aug2026 18:46:24.607] [main/DEBUG] [net.minecraftforge.registries.GameData/REGISTRIES]: Holder lookups applied: minecraft:mob_effect
[24Aug2026 18:46:24.607] [main/DEBUG] [net.minecraftforge.registries.GameData/REGISTRIES]: Applying holder lookups: minecraft:particle_type
[24Aug2026 18:46:24.607] [main/DEBUG] [net.minecraftforge.registries.GameData/REGISTRIES]: Holder lookups applied: minecraft:particle_type
[24Aug2026 18:46:24.611] [main/DEBUG] [net.minecraftforge.registries.GameData/REGISTRIES]: Applying holder lookups: minecraft:item
[24Aug2026 18:46:24.611] [main/DEBUG] [net.minecraftforge.registries.GameData/REGISTRIES]: Holder lookups applied: minecraft:item
[24Aug2026 18:46:24.612] [main/DEBUG] [net.minecraftforge.registries.GameData/REGISTRIES]: Applying holder lookups: minecraft:entity_type
[24Aug2026 18:46:24.612] [main/DEBUG] [net.minecraftforge.registries.GameData/REGISTRIES]: Holder lookups applied: minecraft:entity_type
[24Aug2026 18:46:24.612] [main/DEBUG] [net.minecraftforge.registries.GameData/REGISTRIES]: Applying holder lookups: minecraft:sensor_type
[24Aug2026 18:46:24.612] [main/DEBUG] [net.minecraftforge.registries.GameData/REGISTRIES]: Holder lookups applied: minecraft:sensor_type
[24Aug2026 18:46:24.612] [main/DEBUG] [net.minecraftforge.registries.GameData/REGISTRIES]: Applying holder lookups: minecraft:memory_module_type
[24Aug2026 18:46:24.612] [main/DEBUG] [net.minecraftforge.registries.GameData/REGISTRIES]: Holder lookups applied: minecraft:memory_module_type
[24Aug2026 18:46:24.612] [main/DEBUG] [net.minecraftforge.registries.GameData/REGISTRIES]: Applying holder lookups: minecraft:potion
[24Aug2026 18:46:24.612] [main/DEBUG] [net.minecraftforge.registries.GameData/REGISTRIES]: Holder lookups applied: minecraft:potion
[24Aug2026 18:46:24.612] [main/DEBUG] [net.minecraftforge.registries.GameData/REGISTRIES]: Applying holder lookups: minecraft:game_event
[24Aug2026 18:46:24.613] [main/DEBUG] [net.minecraftforge.registries.GameData/REGISTRIES]: Holder lookups applied: minecraft:game_event
[24Aug2026 18:46:24.613] [main/DEBUG] [net.minecraftforge.registries.GameData/REGISTRIES]: Applying holder lookups: minecraft:enchantment
[24Aug2026 18:46:24.613] [main/DEBUG] [net.minecraftforge.registries.GameData/REGISTRIES]: Holder lookups applied: minecraft:enchantment
[24Aug2026 18:46:24.616] [main/DEBUG] [net.minecraftforge.registries.GameData/REGISTRIES]: Applying holder lookups: minecraft:block_entity_type
[24Aug2026 18:46:24.616] [main/DEBUG] [net.minecraftforge.registries.GameData/REGISTRIES]: Holder lookups applied: minecraft:block_entity_type
[24Aug2026 18:46:24.616] [main/DEBUG] [net.minecraftforge.registries.GameData/REGISTRIES]: Applying holder lookups: minecraft:painting_variant
[24Aug2026 18:46:24.616] [main/DEBUG] [net.minecraftforge.registries.GameData/REGISTRIES]: Holder lookups applied: minecraft:painting_variant
[24Aug2026 18:46:24.616] [main/DEBUG] [net.minecraftforge.registries.GameData/REGISTRIES]: Applying holder lookups: minecraft:stat_type
[24Aug2026 18:46:24.616] [main/DEBUG] [net.minecraftforge.registries.GameData/REGISTRIES]: Holder lookups applied: minecraft:stat_type
[24Aug2026 18:46:24.616] [main/DEBUG] [net.minecraftforge.registries.GameData/REGISTRIES]: Applying holder lookups: minecraft:custom_stat
[24Aug2026 18:46:24.616] [main/DEBUG] [net.minecraftforge.registries.GameData/REGISTRIES]: Holder lookups applied: minecraft:custom_stat
[24Aug2026 18:46:24.617] [main/DEBUG] [net.minecraftforge.registries.GameData/REGISTRIES]: Applying holder lookups: minecraft:chunk_status
[24Aug2026 18:46:24.617] [main/DEBUG] [net.minecraftforge.registries.GameData/REGISTRIES]: Holder lookups applied: minecraft:chunk_status
[24Aug2026 18:46:24.617] [main/DEBUG] [net.minecraftforge.registries.GameData/REGISTRIES]: Applying holder lookups: minecraft:rule_test
[24Aug2026 18:46:24.617] [main/DEBUG] [net.minecraftforge.registries.GameData/REGISTRIES]: Holder lookups applied: minecraft:rule_test
[24Aug2026 18:46:24.617] [main/DEBUG] [net.minecraftforge.registries.GameData/REGISTRIES]: Applying holder lookups: minecraft:rule_block_entity_modifier
[24Aug2026 18:46:24.617] [main/DEBUG] [net.minecraftforge.registries.GameData/REGISTRIES]: Holder lookups applied: minecraft:rule_block_entity_modifier
[24Aug2026 18:46:24.617] [main/DEBUG] [net.minecraftforge.registries.GameData/REGISTRIES]: Applying holder lookups: minecraft:pos_rule_test
[24Aug2026 18:46:24.617] [main/DEBUG] [net.minecraftforge.registries.GameData/REGISTRIES]: Holder lookups applied: minecraft:pos_rule_test
[24Aug2026 18:46:24.617] [main/DEBUG] [net.minecraftforge.registries.GameData/REGISTRIES]: Applying holder lookups: minecraft:menu
[24Aug2026 18:46:24.617] [main/DEBUG] [net.minecraftforge.registries.GameData/REGISTRIES]: Holder lookups applied: minecraft:menu
[24Aug2026 18:46:24.617] [main/DEBUG] [net.minecraftforge.registries.GameData/REGISTRIES]: Applying holder lookups: minecraft:recipe_type
[24Aug2026 18:46:24.618] [main/DEBUG] [net.minecraftforge.registries.GameData/REGISTRIES]: Holder lookups applied: minecraft:recipe_type
[24Aug2026 18:46:24.623] [main/DEBUG] [net.minecraftforge.registries.GameData/REGISTRIES]: Applying holder lookups: minecraft:recipe_serializer
[24Aug2026 18:46:24.623] [main/DEBUG] [net.minecraftforge.registries.GameData/REGISTRIES]: Holder lookups applied: minecraft:recipe_serializer
[24Aug2026 18:46:24.623] [main/DEBUG] [net.minecraftforge.registries.GameData/REGISTRIES]: Applying holder lookups: minecraft:position_source_type
[24Aug2026 18:46:24.623] [main/DEBUG] [net.minecraftforge.registries.GameData/REGISTRIES]: Holder lookups applied: minecraft:position_source_type
[24Aug2026 18:46:24.624] [main/DEBUG] [net.minecraftforge.registries.GameData/REGISTRIES]: Applying holder lookups: minecraft:command_argument_type
[24Aug2026 18:46:24.624] [main/DEBUG] [net.minecraftforge.registries.GameData/REGISTRIES]: Holder lookups applied: minecraft:command_argument_type
[24Aug2026 18:46:24.624] [main/DEBUG] [net.minecraftforge.registries.GameData/REGISTRIES]: Applying holder lookups: minecraft:villager_type
[24Aug2026 18:46:24.624] [main/DEBUG] [net.minecraftforge.registries.GameData/REGISTRIES]: Holder lookups applied: minecraft:villager_type
[24Aug2026 18:46:24.624] [main/DEBUG] [net.minecraftforge.registries.GameData/REGISTRIES]: Applying holder lookups: minecraft:villager_profession
[24Aug2026 18:46:24.624] [main/DEBUG] [net.minecraftforge.registries.GameData/REGISTRIES]: Holder lookups applied: minecraft:villager_profession
[24Aug2026 18:46:24.624] [main/DEBUG] [net.minecraftforge.registries.GameData/REGISTRIES]: Applying holder lookups: minecraft:point_of_interest_type
[24Aug2026 18:46:24.624] [main/DEBUG] [net.minecraftforge.registries.GameData/REGISTRIES]: Holder lookups applied: minecraft:point_of_interest_type
[24Aug2026 18:46:24.624] [main/DEBUG] [net.minecraftforge.registries.GameData/REGISTRIES]: Applying holder lookups: minecraft:schedule
[24Aug2026 18:46:24.625] [main/DEBUG] [net.minecraftforge.registries.GameData/REGISTRIES]: Holder lookups applied: minecraft:schedule
[24Aug2026 18:46:24.625] [main/DEBUG] [net.minecraftforge.registries.GameData/REGISTRIES]: Applying holder lookups: minecraft:activity
[24Aug2026 18:46:24.625] [main/DEBUG] [net.minecraftforge.registries.GameData/REGISTRIES]: Holder lookups applied: minecraft:activity
[24Aug2026 18:46:24.625] [main/DEBUG] [net.minecraftforge.registries.GameData/REGISTRIES]: Applying holder lookups: minecraft:loot_pool_entry_type
[24Aug2026 18:46:24.625] [main/DEBUG] [net.minecraftforge.registries.GameData/REGISTRIES]: Holder lookups applied: minecraft:loot_pool_entry_type
[24Aug2026 18:46:24.625] [main/DEBUG] [net.minecraftforge.registries.GameData/REGISTRIES]: Applying holder lookups: minecraft:loot_function_type
[24Aug2026 18:46:24.625] [main/DEBUG] [net.minecraftforge.registries.GameData/REGISTRIES]: Holder lookups applied: minecraft:loot_function_type
[24Aug2026 18:46:24.626] [main/DEBUG] [net.minecraftforge.registries.GameData/REGISTRIES]: Applying holder lookups: minecraft:loot_condition_type
[24Aug2026 18:46:24.626] [main/DEBUG] [net.minecraftforge.registries.GameData/REGISTRIES]: Holder lookups applied: minecraft:loot_condition_type
[24Aug2026 18:46:24.626] [main/DEBUG] [net.minecraftforge.registries.GameData/REGISTRIES]: Applying holder lookups: minecraft:loot_number_provider_type
[24Aug2026 18:46:24.626] [main/DEBUG] [net.minecraftforge.registries.GameData/REGISTRIES]: Holder lookups applied: minecraft:loot_number_provider_type
[24Aug2026 18:46:24.626] [main/DEBUG] [net.minecraftforge.registries.GameData/REGISTRIES]: Applying holder lookups: minecraft:loot_nbt_provider_type
[24Aug2026 18:46:24.626] [main/DEBUG] [net.minecraftforge.registries.GameData/REGISTRIES]: Holder lookups applied: minecraft:loot_nbt_provider_type
[24Aug2026 18:46:24.627] [main/DEBUG] [net.minecraftforge.registries.GameData/REGISTRIES]: Applying holder lookups: minecraft:loot_score_provider_type
[24Aug2026 18:46:24.627] [main/DEBUG] [net.minecraftforge.registries.GameData/REGISTRIES]: Holder lookups applied: minecraft:loot_score_provider_type
[24Aug2026 18:46:24.627] [main/DEBUG] [net.minecraftforge.registries.GameData/REGISTRIES]: Applying holder lookups: minecraft:float_provider_type
[24Aug2026 18:46:24.627] [main/DEBUG] [net.minecraftforge.registries.GameData/REGISTRIES]: Holder lookups applied: minecraft:float_provider_type
[24Aug2026 18:46:24.627] [main/DEBUG] [net.minecraftforge.registries.GameData/REGISTRIES]: Applying holder lookups: minecraft:int_provider_type
[24Aug2026 18:46:24.627] [main/DEBUG] [net.minecraftforge.registries.GameData/REGISTRIES]: Holder lookups applied: minecraft:int_provider_type
[24Aug2026 18:46:24.627] [main/DEBUG] [net.minecraftforge.registries.GameData/REGISTRIES]: Applying holder lookups: minecraft:height_provider_type
[24Aug2026 18:46:24.627] [main/DEBUG] [net.minecraftforge.registries.GameData/REGISTRIES]: Holder lookups applied: minecraft:height_provider_type
[24Aug2026 18:46:24.627] [main/DEBUG] [net.minecraftforge.registries.GameData/REGISTRIES]: Applying holder lookups: minecraft:block_predicate_type
[24Aug2026 18:46:24.627] [main/DEBUG] [net.minecraftforge.registries.GameData/REGISTRIES]: Holder lookups applied: minecraft:block_predicate_type
[24Aug2026 18:46:24.627] [main/DEBUG] [net.minecraftforge.registries.GameData/REGISTRIES]: Applying holder lookups: minecraft:worldgen/carver
[24Aug2026 18:46:24.628] [main/DEBUG] [net.minecraftforge.registries.GameData/REGISTRIES]: Holder lookups applied: minecraft:worldgen/carver
[24Aug2026 18:46:24.628] [main/DEBUG] [net.minecraftforge.registries.GameData/REGISTRIES]: Applying holder lookups: minecraft:worldgen/feature
[24Aug2026 18:46:24.628] [main/DEBUG] [net.minecraftforge.registries.GameData/REGISTRIES]: Holder lookups applied: minecraft:worldgen/feature
[24Aug2026 18:46:24.628] [main/DEBUG] [net.minecraftforge.registries.GameData/REGISTRIES]: Applying holder lookups: minecraft:worldgen/structure_processor
[24Aug2026 18:46:24.628] [main/DEBUG] [net.minecraftforge.registries.GameData/REGISTRIES]: Holder lookups applied: minecraft:worldgen/structure_processor
[24Aug2026 18:46:24.628] [main/DEBUG] [net.minecraftforge.registries.GameData/REGISTRIES]: Applying holder lookups: minecraft:worldgen/structure_placement
[24Aug2026 18:46:24.628] [main/DEBUG] [net.minecraftforge.registries.GameData/REGISTRIES]: Holder lookups applied: minecraft:worldgen/structure_placement
[24Aug2026 18:46:24.628] [main/DEBUG] [net.minecraftforge.registries.GameData/REGISTRIES]: Applying holder lookups: minecraft:worldgen/structure_piece
[24Aug2026 18:46:24.628] [main/DEBUG] [net.minecraftforge.registries.GameData/REGISTRIES]: Holder lookups applied: minecraft:worldgen/structure_piece
[24Aug2026 18:46:24.628] [main/DEBUG] [net.minecraftforge.registries.GameData/REGISTRIES]: Applying holder lookups: minecraft:worldgen/structure_type
[24Aug2026 18:46:24.629] [main/DEBUG] [net.minecraftforge.registries.GameData/REGISTRIES]: Holder lookups applied: minecraft:worldgen/structure_type
[24Aug2026 18:46:24.629] [main/DEBUG] [net.minecraftforge.registries.GameData/REGISTRIES]: Applying holder lookups: minecraft:worldgen/placement_modifier_type
[24Aug2026 18:46:24.629] [main/DEBUG] [net.minecraftforge.registries.GameData/REGISTRIES]: Holder lookups applied: minecraft:worldgen/placement_modifier_type
[24Aug2026 18:46:24.629] [main/DEBUG] [net.minecraftforge.registries.GameData/REGISTRIES]: Applying holder lookups: minecraft:worldgen/block_state_provider_type
[24Aug2026 18:46:24.629] [main/DEBUG] [net.minecraftforge.registries.GameData/REGISTRIES]: Holder lookups applied: minecraft:worldgen/block_state_provider_type
[24Aug2026 18:46:24.629] [main/DEBUG] [net.minecraftforge.registries.GameData/REGISTRIES]: Applying holder lookups: minecraft:worldgen/foliage_placer_type
[24Aug2026 18:46:24.629] [main/DEBUG] [net.minecraftforge.registries.GameData/REGISTRIES]: Holder lookups applied: minecraft:worldgen/foliage_placer_type
[24Aug2026 18:46:24.629] [main/DEBUG] [net.minecraftforge.registries.GameData/REGISTRIES]: Applying holder lookups: minecraft:worldgen/trunk_placer_type
[24Aug2026 18:46:24.629] [main/DEBUG] [net.minecraftforge.registries.GameData/REGISTRIES]: Holder lookups applied: minecraft:worldgen/trunk_placer_type
[24Aug2026 18:46:24.629] [main/DEBUG] [net.minecraftforge.registries.GameData/REGISTRIES]: Applying holder lookups: minecraft:worldgen/root_placer_type
[24Aug2026 18:46:24.629] [main/DEBUG] [net.minecraftforge.registries.GameData/REGISTRIES]: Holder lookups applied: minecraft:worldgen/root_placer_type
[24Aug2026 18:46:24.629] [main/DEBUG] [net.minecraftforge.registries.GameData/REGISTRIES]: Applying holder lookups: minecraft:worldgen/tree_decorator_type
[24Aug2026 18:46:24.630] [main/DEBUG] [net.minecraftforge.registries.GameData/REGISTRIES]: Holder lookups applied: minecraft:worldgen/tree_decorator_type
[24Aug2026 18:46:24.630] [main/DEBUG] [net.minecraftforge.registries.GameData/REGISTRIES]: Applying holder lookups: minecraft:worldgen/feature_size_type
[24Aug2026 18:46:24.630] [main/DEBUG] [net.minecraftforge.registries.GameData/REGISTRIES]: Holder lookups applied: minecraft:worldgen/feature_size_type
[24Aug2026 18:46:24.630] [main/DEBUG] [net.minecraftforge.registries.GameData/REGISTRIES]: Applying holder lookups: minecraft:worldgen/biome_source
[24Aug2026 18:46:24.630] [main/DEBUG] [net.minecraftforge.registries.GameData/REGISTRIES]: Holder lookups applied: minecraft:worldgen/biome_source
[24Aug2026 18:46:24.630] [main/DEBUG] [net.minecraftforge.registries.GameData/REGISTRIES]: Applying holder lookups: minecraft:worldgen/chunk_generator
[24Aug2026 18:46:24.630] [main/DEBUG] [net.minecraftforge.registries.GameData/REGISTRIES]: Holder lookups applied: minecraft:worldgen/chunk_generator
[24Aug2026 18:46:24.630] [main/DEBUG] [net.minecraftforge.registries.GameData/REGISTRIES]: Applying holder lookups: minecraft:worldgen/material_condition
[24Aug2026 18:46:24.630] [main/DEBUG] [net.minecraftforge.registries.GameData/REGISTRIES]: Holder lookups applied: minecraft:worldgen/material_condition
[24Aug2026 18:46:24.630] [main/DEBUG] [net.minecraftforge.registries.GameData/REGISTRIES]: Applying holder lookups: minecraft:worldgen/material_rule
[24Aug2026 18:46:24.630] [main/DEBUG] [net.minecraftforge.registries.GameData/REGISTRIES]: Holder lookups applied: minecraft:worldgen/material_rule
[24Aug2026 18:46:24.631] [main/DEBUG] [net.minecraftforge.registries.GameData/REGISTRIES]: Applying holder lookups: minecraft:worldgen/density_function_type
[24Aug2026 18:46:24.631] [main/DEBUG] [net.minecraftforge.registries.GameData/REGISTRIES]: Holder lookups applied: minecraft:worldgen/density_function_type
[24Aug2026 18:46:24.631] [main/DEBUG] [net.minecraftforge.registries.GameData/REGISTRIES]: Applying holder lookups: minecraft:worldgen/structure_pool_element
[24Aug2026 18:46:24.631] [main/DEBUG] [net.minecraftforge.registries.GameData/REGISTRIES]: Holder lookups applied: minecraft:worldgen/structure_pool_element
[24Aug2026 18:46:24.631] [main/DEBUG] [net.minecraftforge.registries.GameData/REGISTRIES]: Applying holder lookups: minecraft:cat_variant
[24Aug2026 18:46:24.631] [main/DEBUG] [net.minecraftforge.registries.GameData/REGISTRIES]: Holder lookups applied: minecraft:cat_variant
[24Aug2026 18:46:24.631] [main/DEBUG] [net.minecraftforge.registries.GameData/REGISTRIES]: Applying holder lookups: minecraft:frog_variant
[24Aug2026 18:46:24.631] [main/DEBUG] [net.minecraftforge.registries.GameData/REGISTRIES]: Holder lookups applied: minecraft:frog_variant
[24Aug2026 18:46:24.631] [main/DEBUG] [net.minecraftforge.registries.GameData/REGISTRIES]: Applying holder lookups: minecraft:banner_pattern
[24Aug2026 18:46:24.631] [main/DEBUG] [net.minecraftforge.registries.GameData/REGISTRIES]: Holder lookups applied: minecraft:banner_pattern
[24Aug2026 18:46:24.631] [main/DEBUG] [net.minecraftforge.registries.GameData/REGISTRIES]: Applying holder lookups: minecraft:instrument
[24Aug2026 18:46:24.632] [main/DEBUG] [net.minecraftforge.registries.GameData/REGISTRIES]: Holder lookups applied: minecraft:instrument
[24Aug2026 18:46:24.632] [main/DEBUG] [net.minecraftforge.registries.GameData/REGISTRIES]: Applying holder lookups: minecraft:decorated_pot_patterns
[24Aug2026 18:46:24.632] [main/DEBUG] [net.minecraftforge.registries.GameData/REGISTRIES]: Holder lookups applied: minecraft:decorated_pot_patterns
[24Aug2026 18:46:24.632] [main/DEBUG] [net.minecraftforge.registries.GameData/REGISTRIES]: Applying holder lookups: minecraft:creative_mode_tab
[24Aug2026 18:46:24.632] [main/DEBUG] [net.minecraftforge.registries.GameData/REGISTRIES]: Holder lookups applied: minecraft:creative_mode_tab
[24Aug2026 18:46:24.635] [main/DEBUG] [net.minecraftforge.registries.GameData/REGISTRIES]: Applying holder lookups: forge:biome_modifier_serializers
[24Aug2026 18:46:24.635] [main/DEBUG] [net.minecraftforge.registries.GameData/REGISTRIES]: Holder lookups applied: forge:biome_modifier_serializers
[24Aug2026 18:46:24.635] [main/DEBUG] [net.minecraftforge.registries.GameData/REGISTRIES]: Applying holder lookups: forge:display_contexts
[24Aug2026 18:46:24.636] [main/DEBUG] [net.minecraftforge.registries.GameData/REGISTRIES]: Holder lookups applied: forge:display_contexts
[24Aug2026 18:46:24.636] [main/DEBUG] [net.minecraftforge.registries.GameData/REGISTRIES]: Applying holder lookups: forge:entity_data_serializers
[24Aug2026 18:46:24.636] [main/DEBUG] [net.minecraftforge.registries.GameData/REGISTRIES]: Holder lookups applied: forge:entity_data_serializers
[24Aug2026 18:46:24.637] [main/DEBUG] [net.minecraftforge.registries.GameData/REGISTRIES]: Applying holder lookups: forge:fluid_type
[24Aug2026 18:46:24.637] [main/DEBUG] [net.minecraftforge.registries.GameData/REGISTRIES]: Holder lookups applied: forge:fluid_type
[24Aug2026 18:46:24.637] [main/DEBUG] [net.minecraftforge.registries.GameData/REGISTRIES]: Applying holder lookups: forge:global_loot_modifier_serializers
[24Aug2026 18:46:24.637] [main/DEBUG] [net.minecraftforge.registries.GameData/REGISTRIES]: Holder lookups applied: forge:global_loot_modifier_serializers
[24Aug2026 18:46:24.639] [main/DEBUG] [net.minecraftforge.registries.GameData/REGISTRIES]: Applying holder lookups: forge:holder_set_type
[24Aug2026 18:46:24.639] [main/DEBUG] [net.minecraftforge.registries.GameData/REGISTRIES]: Holder lookups applied: forge:holder_set_type
[24Aug2026 18:46:24.639] [main/DEBUG] [net.minecraftforge.registries.GameData/REGISTRIES]: Applying holder lookups: forge:structure_modifier_serializers
[24Aug2026 18:46:24.640] [main/DEBUG] [net.minecraftforge.registries.GameData/REGISTRIES]: Holder lookups applied: forge:structure_modifier_serializers
[24Aug2026 18:46:24.640] [main/DEBUG] [net.minecraftforge.registries.GameData/REGISTRIES]: Applying holder lookups: minecraft:worldgen/biome
[24Aug2026 18:46:24.640] [main/DEBUG] [net.minecraftforge.registries.GameData/REGISTRIES]: Holder lookups applied: minecraft:worldgen/biome
[24Aug2026 18:46:24.699] [main/WARN] [net.minecraft.server.packs.VanillaPackResourcesBuilder/]: Assets URL 'union:/home/keppel/Desktop/SCP%20Lockdown/Code/SCPLockdown/build/fg_cache/net/minecraftforge/forge/1.20.1-47.4.23_mapped_parchment_2023.09.03-1.20.1/forge-1.20.1-47.4.23_mapped_parchment_2023.09.03-1.20.1-recomp.jar%23181!/assets/.mcassetsroot' uses unexpected schema
[24Aug2026 18:46:24.699] [main/WARN] [net.minecraft.server.packs.VanillaPackResourcesBuilder/]: Assets URL 'union:/home/keppel/Desktop/SCP%20Lockdown/Code/SCPLockdown/build/fg_cache/net/minecraftforge/forge/1.20.1-47.4.23_mapped_parchment_2023.09.03-1.20.1/forge-1.20.1-47.4.23_mapped_parchment_2023.09.03-1.20.1-recomp.jar%23181!/data/.mcassetsroot' uses unexpected schema
[24Aug2026 18:46:24.733] [main/DEBUG] [mixin/]: Mixing data.MixinLootTableProvider from mixins.scplockdown.json into net.minecraft.data.loot.LootTableProvider
[24Aug2026 18:46:24.743] [main/DEBUG] [mixin/]: Generating mapped inner class net/minecraft/data/loot/LootTableProvider$Anonymous$d9f76462b0894c4f8df1fd34609484ec (originally io/github/connortron110/scplockdown/mixin/data/MixinLootTableProvider$1)
[24Aug2026 18:46:24.754] [main/DEBUG] [net.minecraftforge.coremod.transformer.CoreModBaseTransformer/COREMOD]: Transforming net/minecraft/world/entity/raid/Raid
[24Aug2026 18:46:24.818] [main/INFO] [net.minecraft.data.DataGenerator/]: Starting provider: Block States: scplockdown
[24Aug2026 18:46:24.997] [main/INFO] [net.minecraft.data.DataGenerator/]: Block States: scplockdown finished after 178 ms
[24Aug2026 18:46:24.997] [main/INFO] [net.minecraft.data.DataGenerator/]: Starting provider: Item Models: scplockdown
[24Aug2026 18:46:25.023] [main/INFO] [net.minecraft.data.DataGenerator/]: Item Models: scplockdown finished after 25 ms
[24Aug2026 18:46:25.023] [main/INFO] [net.minecraft.data.DataGenerator/]: Starting provider: Languages: en_us
[24Aug2026 18:46:25.037] [main/INFO] [net.minecraft.data.DataGenerator/]: Languages: en_us finished after 13 ms
[24Aug2026 18:46:25.037] [main/INFO] [net.minecraft.data.DataGenerator/]: Starting provider: Sound Definitions
[24Aug2026 18:46:25.040] [main/INFO] [net.minecraft.data.DataGenerator/]: Sound Definitions finished after 2 ms
[24Aug2026 18:46:25.040] [main/INFO] [net.minecraft.data.DataGenerator/]: Starting provider: Registries
[24Aug2026 18:46:25.049] [main/INFO] [net.minecraft.data.DataGenerator/]: Registries finished after 9 ms
[24Aug2026 18:46:25.049] [main/INFO] [net.minecraft.data.DataGenerator/]: Starting provider: Tags for minecraft:block mod id scplockdown
[24Aug2026 18:46:25.054] [main/INFO] [net.minecraft.data.DataGenerator/]: Tags for minecraft:block mod id scplockdown finished after 5 ms
[24Aug2026 18:46:25.055] [main/INFO] [net.minecraft.data.DataGenerator/]: Starting provider: Tags for minecraft:item mod id scplockdown
[24Aug2026 18:46:25.056] [main/INFO] [net.minecraft.data.DataGenerator/]: Tags for minecraft:item mod id scplockdown finished after 1 ms
[24Aug2026 18:46:25.056] [main/INFO] [net.minecraft.data.DataGenerator/]: Starting provider: Tags for minecraft:entity_type mod id scplockdown
[24Aug2026 18:46:25.058] [main/INFO] [net.minecraft.data.DataGenerator/]: Tags for minecraft:entity_type mod id scplockdown finished after 1 ms
[24Aug2026 18:46:25.058] [main/INFO] [net.minecraft.data.DataGenerator/]: Starting provider: Tags for minecraft:fluid mod id scplockdown
[24Aug2026 18:46:25.058] [main/INFO] [net.minecraft.data.DataGenerator/]: Tags for minecraft:fluid mod id scplockdown finished after 0 ms
[24Aug2026 18:46:25.058] [main/INFO] [net.minecraft.data.DataGenerator/]: Starting provider: Tags for minecraft:damage_type mod id scplockdown
[24Aug2026 18:46:25.058] [main/INFO] [net.minecraft.data.DataGenerator/]: Tags for minecraft:damage_type mod id scplockdown finished after 0 ms
[24Aug2026 18:46:25.058] [main/INFO] [net.minecraft.data.DataGenerator/]: Starting provider: Loot Tables
[24Aug2026 18:46:25.077] [main/DEBUG] [mixin/]: Generating mapped inner class net/minecraft/data/loot/LootTableProvider$Anonymous$1f929215c3c446eab3ead74a5a9de139 (originally io/github/connortron110/scplockdown/mixin/data/MixinLootTableProvider$2)
[24Aug2026 18:46:25.105] [main/INFO] [net.minecraft.data.DataGenerator/]: Loot Tables finished after 46 ms
[24Aug2026 18:46:25.105] [main/INFO] [net.minecraft.data.DataGenerator/]: Starting provider: Recipes
[24Aug2026 18:46:25.105] [main/INFO] [io.github.connortron110.scplockdown.SCPLockdown/LockdownRecipeProvider]: Generating Recipes and report missing
[24Aug2026 18:46:25.121] [main/WARN] [io.github.connortron110.scplockdown.SCPLockdown/LockdownRecipeProvider]: Missing Recipe for scplockdown:straight_pipe_cyan
[24Aug2026 18:46:25.121] [main/WARN] [io.github.connortron110.scplockdown.SCPLockdown/LockdownRecipeProvider]: Missing Recipe for scplockdown:reinforced_iron_stairs
[24Aug2026 18:46:25.121] [main/WARN] [io.github.connortron110.scplockdown.SCPLockdown/LockdownRecipeProvider]: Missing Recipe for scplockdown:reinforced_wall_c_wall
[24Aug2026 18:46:25.121] [main/WARN] [io.github.connortron110.scplockdown.SCPLockdown/LockdownRecipeProvider]: Missing Recipe for scplockdown:scp063
[24Aug2026 18:46:25.121] [main/WARN] [io.github.connortron110.scplockdown.SCPLockdown/LockdownRecipeProvider]: Missing Recipe for scplockdown:straight_pipe_brown
[24Aug2026 18:46:25.121] [main/WARN] [io.github.connortron110.scplockdown.SCPLockdown/LockdownRecipeProvider]: Missing Recipe for scplockdown:terracotta_slab
[24Aug2026 18:46:25.121] [main/WARN] [io.github.connortron110.scplockdown.SCPLockdown/LockdownRecipeProvider]: Missing Recipe for scplockdown:scp002_metal
[24Aug2026 18:46:25.121] [main/WARN] [io.github.connortron110.scplockdown.SCPLockdown/LockdownRecipeProvider]: Missing Recipe for scplockdown:pink_terracotta_stairs
[24Aug2026 18:46:25.121] [main/WARN] [io.github.connortron110.scplockdown.SCPLockdown/LockdownRecipeProvider]: Missing Recipe for scplockdown:black_terracotta_wall
[24Aug2026 18:46:25.121] [main/WARN] [io.github.connortron110.scplockdown.SCPLockdown/LockdownRecipeProvider]: Missing Recipe for scplockdown:metal_wall_b_wall
[24Aug2026 18:46:25.121] [main/WARN] [io.github.connortron110.scplockdown.SCPLockdown/LockdownRecipeProvider]: Missing Recipe for scplockdown:cyan_terracotta_slab
[24Aug2026 18:46:25.121] [main/WARN] [io.github.connortron110.scplockdown.SCPLockdown/LockdownRecipeProvider]: Missing Recipe for scplockdown:reinforced_sublevel_wall_c
[24Aug2026 18:46:25.121] [main/WARN] [io.github.connortron110.scplockdown.SCPLockdown/LockdownRecipeProvider]: Missing Recipe for scplockdown:reinforced_sublevel_wall_b
[24Aug2026 18:46:25.121] [main/WARN] [io.github.connortron110.scplockdown.SCPLockdown/LockdownRecipeProvider]: Missing Recipe for scplockdown:scp914_gears
[24Aug2026 18:46:25.121] [main/WARN] [io.github.connortron110.scplockdown.SCPLockdown/LockdownRecipeProvider]: Missing Recipe for scplockdown:reinforced_sublevel_wall_a
[24Aug2026 18:46:25.121] [main/WARN] [io.github.connortron110.scplockdown.SCPLockdown/LockdownRecipeProvider]: Missing Recipe for scplockdown:syringe
[24Aug2026 18:46:25.121] [main/WARN] [io.github.connortron110.scplockdown.SCPLockdown/LockdownRecipeProvider]: Missing Recipe for scplockdown:pink_terracotta_wall
[24Aug2026 18:46:25.121] [main/WARN] [io.github.connortron110.scplockdown.SCPLockdown/LockdownRecipeProvider]: Missing Recipe for scplockdown:magnetized_door
[24Aug2026 18:46:25.121] [main/WARN] [io.github.connortron110.scplockdown.SCPLockdown/LockdownRecipeProvider]: Missing Recipe for scplockdown:hazard
[24Aug2026 18:46:25.121] [main/WARN] [io.github.connortron110.scplockdown.SCPLockdown/LockdownRecipeProvider]: Missing Recipe for scplockdown:scp143_leaves
[24Aug2026 18:46:25.121] [main/WARN] [io.github.connortron110.scplockdown.SCPLockdown/LockdownRecipeProvider]: Missing Recipe for scplockdown:blast_door
[24Aug2026 18:46:25.121] [main/WARN] [io.github.connortron110.scplockdown.SCPLockdown/LockdownRecipeProvider]: Missing Recipe for scplockdown:locker
[24Aug2026 18:46:25.121] [main/WARN] [io.github.connortron110.scplockdown.SCPLockdown/LockdownRecipeProvider]: Missing Recipe for scplockdown:light_gray_terracotta_stairs
[24Aug2026 18:46:25.121] [main/WARN] [io.github.connortron110.scplockdown.SCPLockdown/LockdownRecipeProvider]: Missing Recipe for scplockdown:terracotta_stairs
[24Aug2026 18:46:25.121] [main/WARN] [io.github.connortron110.scplockdown.SCPLockdown/LockdownRecipeProvider]: Missing Recipe for scplockdown:white_terracotta_wall
[24Aug2026 18:46:25.121] [main/WARN] [io.github.connortron110.scplockdown.SCPLockdown/LockdownRecipeProvider]: Missing Recipe for scplockdown:straight_pipe_silver
[24Aug2026 18:46:25.122] [main/WARN] [io.github.connortron110.scplockdown.SCPLockdown/LockdownRecipeProvider]: Missing Recipe for scplockdown:straight_pipe_lime
[24Aug2026 18:46:25.122] [main/WARN] [io.github.connortron110.scplockdown.SCPLockdown/LockdownRecipeProvider]: Missing Recipe for scplockdown:sublevel_slab
[24Aug2026 18:46:25.122] [main/WARN] [io.github.connortron110.scplockdown.SCPLockdown/LockdownRecipeProvider]: Missing Recipe for scplockdown:exterior_bottom_wall
[24Aug2026 18:46:25.122] [main/WARN] [io.github.connortron110.scplockdown.SCPLockdown/LockdownRecipeProvider]: Missing Recipe for scplockdown:reinforced_sublevel_slab
[24Aug2026 18:46:25.122] [main/WARN] [io.github.connortron110.scplockdown.SCPLockdown/LockdownRecipeProvider]: Missing Recipe for scplockdown:metal_floor_a
[24Aug2026 18:46:25.122] [main/WARN] [io.github.connortron110.scplockdown.SCPLockdown/LockdownRecipeProvider]: Missing Recipe for scplockdown:metal_floor_b
[24Aug2026 18:46:25.122] [main/WARN] [io.github.connortron110.scplockdown.SCPLockdown/LockdownRecipeProvider]: Missing Recipe for scplockdown:metal_sublevel_wall
[24Aug2026 18:46:25.122] [main/WARN] [io.github.connortron110.scplockdown.SCPLockdown/LockdownRecipeProvider]: Missing Recipe for scplockdown:quartz_wall
[24Aug2026 18:46:25.122] [main/WARN] [io.github.connortron110.scplockdown.SCPLockdown/LockdownRecipeProvider]: Missing Recipe for scplockdown:straight_pipe_purple
[24Aug2026 18:46:25.122] [main/WARN] [io.github.connortron110.scplockdown.SCPLockdown/LockdownRecipeProvider]: Missing Recipe for scplockdown:light_gray_terracotta_slab
[24Aug2026 18:46:25.122] [main/WARN] [io.github.connortron110.scplockdown.SCPLockdown/LockdownRecipeProvider]: Missing Recipe for scplockdown:purple_terracotta_wall
[24Aug2026 18:46:25.122] [main/WARN] [io.github.connortron110.scplockdown.SCPLockdown/LockdownRecipeProvider]: Missing Recipe for scplockdown:scp002_table
[24Aug2026 18:46:25.122] [main/WARN] [io.github.connortron110.scplockdown.SCPLockdown/LockdownRecipeProvider]: Missing Recipe for scplockdown:straight_pipe_magenta
[24Aug2026 18:46:25.122] [main/WARN] [io.github.connortron110.scplockdown.SCPLockdown/LockdownRecipeProvider]: Missing Recipe for scplockdown:smooth_quartz_wall
[24Aug2026 18:46:25.122] [main/WARN] [io.github.connortron110.scplockdown.SCPLockdown/LockdownRecipeProvider]: Missing Recipe for scplockdown:metal_wall_a_wall
[24Aug2026 18:46:25.122] [main/WARN] [io.github.connortron110.scplockdown.SCPLockdown/LockdownRecipeProvider]: Missing Recipe for scplockdown:sublevel_wall_b
[24Aug2026 18:46:25.122] [main/WARN] [io.github.connortron110.scplockdown.SCPLockdown/LockdownRecipeProvider]: Missing Recipe for scplockdown:sublevel_wall_c
[24Aug2026 18:46:25.122] [main/WARN] [io.github.connortron110.scplockdown.SCPLockdown/LockdownRecipeProvider]: Missing Recipe for scplockdown:blue_terracotta_stairs
[24Aug2026 18:46:25.122] [main/WARN] [io.github.connortron110.scplockdown.SCPLockdown/LockdownRecipeProvider]: Missing Recipe for scplockdown:pipe_wall
[24Aug2026 18:46:25.122] [main/WARN] [io.github.connortron110.scplockdown.SCPLockdown/LockdownRecipeProvider]: Missing Recipe for scplockdown:straight_pipe_light_blue
[24Aug2026 18:46:25.122] [main/WARN] [io.github.connortron110.scplockdown.SCPLockdown/LockdownRecipeProvider]: Missing Recipe for scplockdown:green_terracotta_wall
[24Aug2026 18:46:25.122] [main/WARN] [io.github.connortron110.scplockdown.SCPLockdown/LockdownRecipeProvider]: Missing Recipe for scplockdown:metal_sublevel_slab
[24Aug2026 18:46:25.122] [main/WARN] [io.github.connortron110.scplockdown.SCPLockdown/LockdownRecipeProvider]: Missing Recipe for scplockdown:scp002_arm_chair
[24Aug2026 18:46:25.122] [main/WARN] [io.github.connortron110.scplockdown.SCPLockdown/LockdownRecipeProvider]: Missing Recipe for scplockdown:yellow_terracotta_slab
[24Aug2026 18:46:25.122] [main/WARN] [io.github.connortron110.scplockdown.SCPLockdown/LockdownRecipeProvider]: Missing Recipe for scplockdown:scp902
[24Aug2026 18:46:25.122] [main/WARN] [io.github.connortron110.scplockdown.SCPLockdown/LockdownRecipeProvider]: Missing Recipe for scplockdown:pizza
[24Aug2026 18:46:25.122] [main/WARN] [io.github.connortron110.scplockdown.SCPLockdown/LockdownRecipeProvider]: Missing Recipe for scplockdown:putrid_flesh
[24Aug2026 18:46:25.122] [main/WARN] [io.github.connortron110.scplockdown.SCPLockdown/LockdownRecipeProvider]: Missing Recipe for scplockdown:magenta_terracotta_stairs
[24Aug2026 18:46:25.122] [main/WARN] [io.github.connortron110.scplockdown.SCPLockdown/LockdownRecipeProvider]: Missing Recipe for scplockdown:green_candy
[24Aug2026 18:46:25.122] [main/WARN] [io.github.connortron110.scplockdown.SCPLockdown/LockdownRecipeProvider]: Missing Recipe for scplockdown:scp914
[24Aug2026 18:46:25.122] [main/WARN] [io.github.connortron110.scplockdown.SCPLockdown/LockdownRecipeProvider]: Missing Recipe for scplockdown:toilet
[24Aug2026 18:46:25.122] [main/WARN] [io.github.connortron110.scplockdown.SCPLockdown/LockdownRecipeProvider]: Missing Recipe for scplockdown:reinforced_iron_slab
[24Aug2026 18:46:25.122] [main/WARN] [io.github.connortron110.scplockdown.SCPLockdown/LockdownRecipeProvider]: Missing Recipe for scplockdown:orange_candy
[24Aug2026 18:46:25.122] [main/WARN] [io.github.connortron110.scplockdown.SCPLockdown/LockdownRecipeProvider]: Missing Recipe for scplockdown:vial
[24Aug2026 18:46:25.122] [main/WARN] [io.github.connortron110.scplockdown.SCPLockdown/LockdownRecipeProvider]: Missing Recipe for scplockdown:green_terracotta_stairs
[24Aug2026 18:46:25.122] [main/WARN] [io.github.connortron110.scplockdown.SCPLockdown/LockdownRecipeProvider]: Missing Recipe for scplockdown:magenta_terracotta_slab
[24Aug2026 18:46:25.122] [main/WARN] [io.github.connortron110.scplockdown.SCPLockdown/LockdownRecipeProvider]: Missing Recipe for scplockdown:red_terracotta_slab
[24Aug2026 18:46:25.122] [main/WARN] [io.github.connortron110.scplockdown.SCPLockdown/LockdownRecipeProvider]: Missing Recipe for scplockdown:light_blue_terracotta_wall
[24Aug2026 18:46:25.122] [main/WARN] [io.github.connortron110.scplockdown.SCPLockdown/LockdownRecipeProvider]: Missing Recipe for scplockdown:burnt_bone
[24Aug2026 18:46:25.122] [main/WARN] [io.github.connortron110.scplockdown.SCPLockdown/LockdownRecipeProvider]: Missing Recipe for scplockdown:reinforced_quartz
[24Aug2026 18:46:25.123] [main/WARN] [io.github.connortron110.scplockdown.SCPLockdown/LockdownRecipeProvider]: Missing Recipe for scplockdown:screwdriver
[24Aug2026 18:46:25.123] [main/WARN] [io.github.connortron110.scplockdown.SCPLockdown/LockdownRecipeProvider]: Missing Recipe for scplockdown:scp939
[24Aug2026 18:46:25.123] [main/WARN] [io.github.connortron110.scplockdown.SCPLockdown/LockdownRecipeProvider]: Missing Recipe for scplockdown:orange_terracotta_slab
[24Aug2026 18:46:25.123] [main/WARN] [io.github.connortron110.scplockdown.SCPLockdown/LockdownRecipeProvider]: Missing Recipe for scplockdown:brown_terracotta_slab
[24Aug2026 18:46:25.123] [main/WARN] [io.github.connortron110.scplockdown.SCPLockdown/LockdownRecipeProvider]: Missing Recipe for scplockdown:green_terracotta_slab
[24Aug2026 18:46:25.123] [main/WARN] [io.github.connortron110.scplockdown.SCPLockdown/LockdownRecipeProvider]: Missing Recipe for scplockdown:straight_pipe_orange
[24Aug2026 18:46:25.123] [main/WARN] [io.github.connortron110.scplockdown.SCPLockdown/LockdownRecipeProvider]: Missing Recipe for scplockdown:blue_terracotta_wall
[24Aug2026 18:46:25.123] [main/WARN] [io.github.connortron110.scplockdown.SCPLockdown/LockdownRecipeProvider]: Missing Recipe for scplockdown:scp002_door
[24Aug2026 18:46:25.123] [main/WARN] [io.github.connortron110.scplockdown.SCPLockdown/LockdownRecipeProvider]: Missing Recipe for scplockdown:scp822
[24Aug2026 18:46:25.123] [main/WARN] [io.github.connortron110.scplockdown.SCPLockdown/LockdownRecipeProvider]: Missing Recipe for scplockdown:ash
[24Aug2026 18:46:25.123] [main/WARN] [io.github.connortron110.scplockdown.SCPLockdown/LockdownRecipeProvider]: Missing Recipe for scplockdown:steel_stairs
[24Aug2026 18:46:25.123] [main/WARN] [io.github.connortron110.scplockdown.SCPLockdown/LockdownRecipeProvider]: Missing Recipe for scplockdown:straight_pipe_red
[24Aug2026 18:46:25.123] [main/WARN] [io.github.connortron110.scplockdown.SCPLockdown/LockdownRecipeProvider]: Missing Recipe for scplockdown:brown_terracotta_stairs
[24Aug2026 18:46:25.123] [main/WARN] [io.github.connortron110.scplockdown.SCPLockdown/LockdownRecipeProvider]: Missing Recipe for scplockdown:mouse
[24Aug2026 18:46:25.123] [main/WARN] [io.github.connortron110.scplockdown.SCPLockdown/LockdownRecipeProvider]: Missing Recipe for scplockdown:lime_terracotta_wall
[24Aug2026 18:46:25.123] [main/WARN] [io.github.connortron110.scplockdown.SCPLockdown/LockdownRecipeProvider]: Missing Recipe for scplockdown:scp914_metal
[24Aug2026 18:46:25.123] [main/WARN] [io.github.connortron110.scplockdown.SCPLockdown/LockdownRecipeProvider]: Missing Recipe for scplockdown:cyan_terracotta_wall
[24Aug2026 18:46:25.123] [main/WARN] [io.github.connortron110.scplockdown.SCPLockdown/LockdownRecipeProvider]: Missing Recipe for scplockdown:straight_pipe_gray
[24Aug2026 18:46:25.123] [main/WARN] [io.github.connortron110.scplockdown.SCPLockdown/LockdownRecipeProvider]: Missing Recipe for scplockdown:lime_terracotta_stairs
[24Aug2026 18:46:25.123] [main/WARN] [io.github.connortron110.scplockdown.SCPLockdown/LockdownRecipeProvider]: Missing Recipe for scplockdown:red_terracotta_stairs
[24Aug2026 18:46:25.123] [main/WARN] [io.github.connortron110.scplockdown.SCPLockdown/LockdownRecipeProvider]: Missing Recipe for scplockdown:white_terracotta_stairs
[24Aug2026 18:46:25.123] [main/WARN] [io.github.connortron110.scplockdown.SCPLockdown/LockdownRecipeProvider]: Missing Recipe for scplockdown:gray_terracotta_slab
[24Aug2026 18:46:25.123] [main/WARN] [io.github.connortron110.scplockdown.SCPLockdown/LockdownRecipeProvider]: Missing Recipe for scplockdown:scp143_log
[24Aug2026 18:46:25.123] [main/WARN] [io.github.connortron110.scplockdown.SCPLockdown/LockdownRecipeProvider]: Missing Recipe for scplockdown:steel_slab
[24Aug2026 18:46:25.123] [main/WARN] [io.github.connortron110.scplockdown.SCPLockdown/LockdownRecipeProvider]: Missing Recipe for scplockdown:black_terracotta_stairs
[24Aug2026 18:46:25.123] [main/WARN] [io.github.connortron110.scplockdown.SCPLockdown/LockdownRecipeProvider]: Missing Recipe for scplockdown:straight_pipe_white
[24Aug2026 18:46:25.123] [main/WARN] [io.github.connortron110.scplockdown.SCPLockdown/LockdownRecipeProvider]: Missing Recipe for scplockdown:scp008_guard
[24Aug2026 18:46:25.123] [main/WARN] [io.github.connortron110.scplockdown.SCPLockdown/LockdownRecipeProvider]: Missing Recipe for scplockdown:scp500
[24Aug2026 18:46:25.123] [main/WARN] [io.github.connortron110.scplockdown.SCPLockdown/LockdownRecipeProvider]: Missing Recipe for scplockdown:lime_terracotta_slab
[24Aug2026 18:46:25.123] [main/WARN] [io.github.connortron110.scplockdown.SCPLockdown/LockdownRecipeProvider]: Missing Recipe for scplockdown:scp015_block
[24Aug2026 18:46:25.123] [main/WARN] [io.github.connortron110.scplockdown.SCPLockdown/LockdownRecipeProvider]: Missing Recipe for scplockdown:scp002_plant_pot
[24Aug2026 18:46:25.123] [main/WARN] [io.github.connortron110.scplockdown.SCPLockdown/LockdownRecipeProvider]: Missing Recipe for scplockdown:smooth_stone_stairs
[24Aug2026 18:46:25.123] [main/WARN] [io.github.connortron110.scplockdown.SCPLockdown/LockdownRecipeProvider]: Missing Recipe for scplockdown:sublevel_wall
[24Aug2026 18:46:25.123] [main/WARN] [io.github.connortron110.scplockdown.SCPLockdown/LockdownRecipeProvider]: Missing Recipe for scplockdown:pipe_wall_wall
[24Aug2026 18:46:25.123] [main/WARN] [io.github.connortron110.scplockdown.SCPLockdown/LockdownRecipeProvider]: Missing Recipe for scplockdown:scp002_flesh_d
[24Aug2026 18:46:25.123] [main/WARN] [io.github.connortron110.scplockdown.SCPLockdown/LockdownRecipeProvider]: Missing Recipe for scplockdown:scp002_flesh_c
[24Aug2026 18:46:25.123] [main/WARN] [io.github.connortron110.scplockdown.SCPLockdown/LockdownRecipeProvider]: Missing Recipe for scplockdown:scp002_flesh_b
[24Aug2026 18:46:25.123] [main/WARN] [io.github.connortron110.scplockdown.SCPLockdown/LockdownRecipeProvider]: Missing Recipe for scplockdown:scp002_flesh_a
[24Aug2026 18:46:25.123] [main/WARN] [io.github.connortron110.scplockdown.SCPLockdown/LockdownRecipeProvider]: Missing Recipe for scplockdown:card_writer
[24Aug2026 18:46:25.123] [main/WARN] [io.github.connortron110.scplockdown.SCPLockdown/LockdownRecipeProvider]: Missing Recipe for scplockdown:red_candy
[24Aug2026 18:46:25.123] [main/WARN] [io.github.connortron110.scplockdown.SCPLockdown/LockdownRecipeProvider]: Missing Recipe for scplockdown:plaster_wall
[24Aug2026 18:46:25.123] [main/WARN] [io.github.connortron110.scplockdown.SCPLockdown/LockdownRecipeProvider]: Missing Recipe for scplockdown:yellow_terracotta_stairs
[24Aug2026 18:46:25.123] [main/WARN] [io.github.connortron110.scplockdown.SCPLockdown/LockdownRecipeProvider]: Missing Recipe for scplockdown:steel_wall
[24Aug2026 18:46:25.123] [main/WARN] [io.github.connortron110.scplockdown.SCPLockdown/LockdownRecipeProvider]: Missing Recipe for scplockdown:scp143_sapling
[24Aug2026 18:46:25.123] [main/WARN] [io.github.connortron110.scplockdown.SCPLockdown/LockdownRecipeProvider]: Missing Recipe for scplockdown:scp002_lamp
[24Aug2026 18:46:25.123] [main/WARN] [io.github.connortron110.scplockdown.SCPLockdown/LockdownRecipeProvider]: Missing Recipe for scplockdown:orange_terracotta_stairs
[24Aug2026 18:46:25.123] [main/WARN] [io.github.connortron110.scplockdown.SCPLockdown/LockdownRecipeProvider]: Missing Recipe for scplockdown:polished_andesite_wall
[24Aug2026 18:46:25.123] [main/WARN] [io.github.connortron110.scplockdown.SCPLockdown/LockdownRecipeProvider]: Missing Recipe for scplockdown:polished_diorite_wall
[24Aug2026 18:46:25.124] [main/WARN] [io.github.connortron110.scplockdown.SCPLockdown/LockdownRecipeProvider]: Missing Recipe for scplockdown:scp002_coffee_table
[24Aug2026 18:46:25.124] [main/WARN] [io.github.connortron110.scplockdown.SCPLockdown/LockdownRecipeProvider]: Missing Recipe for scplockdown:keycard
[24Aug2026 18:46:25.124] [main/WARN] [io.github.connortron110.scplockdown.SCPLockdown/LockdownRecipeProvider]: Missing Recipe for scplockdown:metal_panel_c
[24Aug2026 18:46:25.124] [main/WARN] [io.github.connortron110.scplockdown.SCPLockdown/LockdownRecipeProvider]: Missing Recipe for scplockdown:metal_panel_b
[24Aug2026 18:46:25.124] [main/WARN] [io.github.connortron110.scplockdown.SCPLockdown/LockdownRecipeProvider]: Missing Recipe for scplockdown:pink_terracotta_slab
[24Aug2026 18:46:25.124] [main/WARN] [io.github.connortron110.scplockdown.SCPLockdown/LockdownRecipeProvider]: Missing Recipe for scplockdown:reinforced_granite
[24Aug2026 18:46:25.124] [main/WARN] [io.github.connortron110.scplockdown.SCPLockdown/LockdownRecipeProvider]: Missing Recipe for scplockdown:yellow_candy
[24Aug2026 18:46:25.124] [main/WARN] [io.github.connortron110.scplockdown.SCPLockdown/LockdownRecipeProvider]: Missing Recipe for scplockdown:terracotta_wall
[24Aug2026 18:46:25.124] [main/WARN] [io.github.connortron110.scplockdown.SCPLockdown/LockdownRecipeProvider]: Missing Recipe for scplockdown:wood_crate
[24Aug2026 18:46:25.124] [main/WARN] [io.github.connortron110.scplockdown.SCPLockdown/LockdownRecipeProvider]: Missing Recipe for scplockdown:reinforced_iron_wall
[24Aug2026 18:46:25.124] [main/WARN] [io.github.connortron110.scplockdown.SCPLockdown/LockdownRecipeProvider]: Missing Recipe for scplockdown:light_blue_terracotta_slab
[24Aug2026 18:46:25.124] [main/WARN] [io.github.connortron110.scplockdown.SCPLockdown/LockdownRecipeProvider]: Missing Recipe for scplockdown:straight_pipe_pink
[24Aug2026 18:46:25.124] [main/WARN] [io.github.connortron110.scplockdown.SCPLockdown/LockdownRecipeProvider]: Missing Recipe for scplockdown:scp143_petals
[24Aug2026 18:46:25.124] [main/WARN] [io.github.connortron110.scplockdown.SCPLockdown/LockdownRecipeProvider]: Missing Recipe for scplockdown:blue_candy
[24Aug2026 18:46:25.124] [main/WARN] [io.github.connortron110.scplockdown.SCPLockdown/LockdownRecipeProvider]: Missing Recipe for scplockdown:dark_wood_crate
[24Aug2026 18:46:25.124] [main/WARN] [io.github.connortron110.scplockdown.SCPLockdown/LockdownRecipeProvider]: Missing Recipe for scplockdown:exterior_middle_wall
[24Aug2026 18:46:25.124] [main/WARN] [io.github.connortron110.scplockdown.SCPLockdown/LockdownRecipeProvider]: Missing Recipe for scplockdown:white_terracotta_slab
[24Aug2026 18:46:25.124] [main/WARN] [io.github.connortron110.scplockdown.SCPLockdown/LockdownRecipeProvider]: Missing Recipe for scplockdown:scp458
[24Aug2026 18:46:25.124] [main/WARN] [io.github.connortron110.scplockdown.SCPLockdown/LockdownRecipeProvider]: Missing Recipe for scplockdown:scp035_mask
[24Aug2026 18:46:25.124] [main/WARN] [io.github.connortron110.scplockdown.SCPLockdown/LockdownRecipeProvider]: Missing Recipe for scplockdown:reinforced_sublevel_stairs
[24Aug2026 18:46:25.124] [main/WARN] [io.github.connortron110.scplockdown.SCPLockdown/LockdownRecipeProvider]: Missing Recipe for scplockdown:scp330
[24Aug2026 18:46:25.124] [main/WARN] [io.github.connortron110.scplockdown.SCPLockdown/LockdownRecipeProvider]: Missing Recipe for scplockdown:straight_pipe_yellow
[24Aug2026 18:46:25.124] [main/WARN] [io.github.connortron110.scplockdown.SCPLockdown/LockdownRecipeProvider]: Missing Recipe for scplockdown:stone_wall
[24Aug2026 18:46:25.124] [main/WARN] [io.github.connortron110.scplockdown.SCPLockdown/LockdownRecipeProvider]: Missing Recipe for scplockdown:straight_pipe_black
[24Aug2026 18:46:25.124] [main/WARN] [io.github.connortron110.scplockdown.SCPLockdown/LockdownRecipeProvider]: Missing Recipe for scplockdown:scp148_ore
[24Aug2026 18:46:25.124] [main/WARN] [io.github.connortron110.scplockdown.SCPLockdown/LockdownRecipeProvider]: Missing Recipe for scplockdown:scp109
[24Aug2026 18:46:25.124] [main/WARN] [io.github.connortron110.scplockdown.SCPLockdown/LockdownRecipeProvider]: Missing Recipe for scplockdown:orange_terracotta_wall
[24Aug2026 18:46:25.124] [main/WARN] [io.github.connortron110.scplockdown.SCPLockdown/LockdownRecipeProvider]: Missing Recipe for scplockdown:brown_terracotta_wall
[24Aug2026 18:46:25.124] [main/WARN] [io.github.connortron110.scplockdown.SCPLockdown/LockdownRecipeProvider]: Missing Recipe for scplockdown:scp035_glass_case
[24Aug2026 18:46:25.124] [main/WARN] [io.github.connortron110.scplockdown.SCPLockdown/LockdownRecipeProvider]: Missing Recipe for scplockdown:magenta_terracotta_wall
[24Aug2026 18:46:25.124] [main/WARN] [io.github.connortron110.scplockdown.SCPLockdown/LockdownRecipeProvider]: Missing Recipe for scplockdown:polished_granite_wall
[24Aug2026 18:46:25.124] [main/WARN] [io.github.connortron110.scplockdown.SCPLockdown/LockdownRecipeProvider]: Missing Recipe for scplockdown:straight_pipe_blue
[24Aug2026 18:46:25.124] [main/WARN] [io.github.connortron110.scplockdown.SCPLockdown/LockdownRecipeProvider]: Missing Recipe for scplockdown:light_gray_terracotta_wall
[24Aug2026 18:46:25.124] [main/WARN] [io.github.connortron110.scplockdown.SCPLockdown/LockdownRecipeProvider]: Missing Recipe for scplockdown:gray_terracotta_stairs
[24Aug2026 18:46:25.124] [main/WARN] [io.github.connortron110.scplockdown.SCPLockdown/LockdownRecipeProvider]: Missing Recipe for scplockdown:metal_wall_a_slab
[24Aug2026 18:46:25.124] [main/WARN] [io.github.connortron110.scplockdown.SCPLockdown/LockdownRecipeProvider]: Missing Recipe for scplockdown:scp005
[24Aug2026 18:46:25.124] [main/WARN] [io.github.connortron110.scplockdown.SCPLockdown/LockdownRecipeProvider]: Missing Recipe for scplockdown:green_panel_d
[24Aug2026 18:46:25.124] [main/WARN] [io.github.connortron110.scplockdown.SCPLockdown/LockdownRecipeProvider]: Missing Recipe for scplockdown:scp009
[24Aug2026 18:46:25.124] [main/WARN] [io.github.connortron110.scplockdown.SCPLockdown/LockdownRecipeProvider]: Missing Recipe for scplockdown:sublevel_stairs
[24Aug2026 18:46:25.124] [main/WARN] [io.github.connortron110.scplockdown.SCPLockdown/LockdownRecipeProvider]: Missing Recipe for scplockdown:purple_terracotta_stairs
[24Aug2026 18:46:25.124] [main/WARN] [io.github.connortron110.scplockdown.SCPLockdown/LockdownRecipeProvider]: Missing Recipe for scplockdown:reinforced_sublevel_wall
[24Aug2026 18:46:25.124] [main/WARN] [io.github.connortron110.scplockdown.SCPLockdown/LockdownRecipeProvider]: Missing Recipe for scplockdown:scp124
[24Aug2026 18:46:25.124] [main/WARN] [io.github.connortron110.scplockdown.SCPLockdown/LockdownRecipeProvider]: Missing Recipe for scplockdown:purple_terracotta_slab
[24Aug2026 18:46:25.124] [main/WARN] [io.github.connortron110.scplockdown.SCPLockdown/LockdownRecipeProvider]: Missing Recipe for scplockdown:scp002_tv
[24Aug2026 18:46:25.124] [main/WARN] [io.github.connortron110.scplockdown.SCPLockdown/LockdownRecipeProvider]: Missing Recipe for scplockdown:exterior_top_wall
[24Aug2026 18:46:25.124] [main/WARN] [io.github.connortron110.scplockdown.SCPLockdown/LockdownRecipeProvider]: Missing Recipe for scplockdown:green_panel_b
[24Aug2026 18:46:25.124] [main/WARN] [io.github.connortron110.scplockdown.SCPLockdown/LockdownRecipeProvider]: Missing Recipe for scplockdown:green_panel_c
[24Aug2026 18:46:25.125] [main/WARN] [io.github.connortron110.scplockdown.SCPLockdown/LockdownRecipeProvider]: Missing Recipe for scplockdown:rat
[24Aug2026 18:46:25.125] [main/WARN] [io.github.connortron110.scplockdown.SCPLockdown/LockdownRecipeProvider]: Missing Recipe for scplockdown:green_panel_a
[24Aug2026 18:46:25.125] [main/WARN] [io.github.connortron110.scplockdown.SCPLockdown/LockdownRecipeProvider]: Missing Recipe for scplockdown:metal_sublevel_stairs
[24Aug2026 18:46:25.125] [main/WARN] [io.github.connortron110.scplockdown.SCPLockdown/LockdownRecipeProvider]: Missing Recipe for scplockdown:gray_terracotta_wall
[24Aug2026 18:46:25.125] [main/WARN] [io.github.connortron110.scplockdown.SCPLockdown/LockdownRecipeProvider]: Missing Recipe for scplockdown:scp019
[24Aug2026 18:46:25.125] [main/WARN] [io.github.connortron110.scplockdown.SCPLockdown/LockdownRecipeProvider]: Missing Recipe for scplockdown:scp015
[24Aug2026 18:46:25.125] [main/WARN] [io.github.connortron110.scplockdown.SCPLockdown/LockdownRecipeProvider]: Missing Recipe for scplockdown:scp012
[24Aug2026 18:46:25.125] [main/WARN] [io.github.connortron110.scplockdown.SCPLockdown/LockdownRecipeProvider]: Missing Recipe for scplockdown:light_blue_terracotta_stairs
[24Aug2026 18:46:25.125] [main/WARN] [io.github.connortron110.scplockdown.SCPLockdown/LockdownRecipeProvider]: Missing Recipe for scplockdown:scp023
[24Aug2026 18:46:25.125] [main/WARN] [io.github.connortron110.scplockdown.SCPLockdown/LockdownRecipeProvider]: Missing Recipe for scplockdown:scp019_monster
[24Aug2026 18:46:25.125] [main/WARN] [io.github.connortron110.scplockdown.SCPLockdown/LockdownRecipeProvider]: Missing Recipe for scplockdown:metal_wall_a_stairs
[24Aug2026 18:46:25.125] [main/WARN] [io.github.connortron110.scplockdown.SCPLockdown/LockdownRecipeProvider]: Missing Recipe for scplockdown:guard
[24Aug2026 18:46:25.125] [main/WARN] [io.github.connortron110.scplockdown.SCPLockdown/LockdownRecipeProvider]: Missing Recipe for scplockdown:metal_wall_a
[24Aug2026 18:46:25.125] [main/WARN] [io.github.connortron110.scplockdown.SCPLockdown/LockdownRecipeProvider]: Missing Recipe for scplockdown:cyan_terracotta_stairs
[24Aug2026 18:46:25.125] [main/WARN] [io.github.connortron110.scplockdown.SCPLockdown/LockdownRecipeProvider]: Missing Recipe for scplockdown:metal_wall_b
[24Aug2026 18:46:25.125] [main/WARN] [io.github.connortron110.scplockdown.SCPLockdown/LockdownRecipeProvider]: Missing Recipe for scplockdown:scp049
[24Aug2026 18:46:25.125] [main/WARN] [io.github.connortron110.scplockdown.SCPLockdown/LockdownRecipeProvider]: Missing Recipe for scplockdown:black_terracotta_slab
[24Aug2026 18:46:25.125] [main/WARN] [io.github.connortron110.scplockdown.SCPLockdown/LockdownRecipeProvider]: Missing Recipe for scplockdown:rodent_tail
[24Aug2026 18:46:25.125] [main/WARN] [io.github.connortron110.scplockdown.SCPLockdown/LockdownRecipeProvider]: Missing Recipe for scplockdown:steel_floor
[24Aug2026 18:46:25.125] [main/WARN] [io.github.connortron110.scplockdown.SCPLockdown/LockdownRecipeProvider]: Missing Recipe for scplockdown:red_terracotta_wall
[24Aug2026 18:46:25.125] [main/WARN] [io.github.connortron110.scplockdown.SCPLockdown/LockdownRecipeProvider]: Missing Recipe for scplockdown:blue_terracotta_slab
[24Aug2026 18:46:25.125] [main/WARN] [io.github.connortron110.scplockdown.SCPLockdown/LockdownRecipeProvider]: Missing Recipe for scplockdown:straight_pipe_green
[24Aug2026 18:46:25.125] [main/WARN] [io.github.connortron110.scplockdown.SCPLockdown/LockdownRecipeProvider]: Missing Recipe for scplockdown:purple_candy
[24Aug2026 18:46:25.125] [main/WARN] [io.github.connortron110.scplockdown.SCPLockdown/LockdownRecipeProvider]: Missing Recipe for scplockdown:yellow_terracotta_wall
[24Aug2026 18:46:25.125] [main/WARN] [io.github.connortron110.scplockdown.SCPLockdown/LockdownRecipeProvider]: Missing 185 total amount of Recipes
[24Aug2026 18:46:25.125] [main/INFO] [net.minecraft.data.DataGenerator/]: Recipes finished after 20 ms
[24Aug2026 18:46:25.125] [main/INFO] [net.minecraft.data.DataGenerator/]: Starting provider: Advancements
[24Aug2026 18:46:25.155] [main/INFO] [net.minecraft.data.DataGenerator/]: Advancements finished after 29 ms
[24Aug2026 18:46:25.155] [main/INFO] [net.minecraft.data.DataGenerator/]: All providers took: 337 ms
[24Aug2026 18:46:25.172] [main/INFO] [net.minecraft.data.HashCache/]: Caching: total files: 1664, old count: 0, new count: 1665, removed stale: 0, written: 1664
